371,CATEGORY_ID,Смазка CANON/НР силиконовая термостойкая для термоплёнок (пригодно для аппаратов до 25 копий в мин.), белая, густая, тюбик 20г оригинальная.,CK-0551-020 (ТП),Canon,Средства ухода,smazka-canon-nr-silikonovaia-termostoikaia-dlia-termoplionok-prigodno-dlia-apparatov-do-25-kopii-v-min-belaia-gustaia-tiubik-20g-originalnaia-ck-0551-020-tp,910.0,1,1
641,CATEGORY_ID,Втулка вала тефлонового CET KYOCERA Fs-1100/ 1300D/ Fs-1120D/ 1320D/ 1370DN/ Fs-2000D/ Fs-1030MFP/ 1130MFP/ 1035MFP/ 1135MFP/ KM-2810/ 2820MFP /Fs-1028/ 1128MFP Upper Roller Bushing Right 2BR20190 CET4390,CET4390,CET,Втулки,vtulka-vala-teflonovogo-cet-kyocera-fs-1100-1300d-fs-1120d-1320d-1370dn-fs-2000d-fs-1030mfp-1130mfp-1035mfp-1135mfp-km-2810-2820mfp-fs-1028-1128mfp-upper-roller-bushing-right-2br20190-cet4390cet4390,98.0,1,1
642,CATEGORY_ID,Втулка вала тефлонового CET KYOSERA FS-1100/ 1300D/ Fs-1120D/ 1320D/ 1370DN/ Fs-2000D/ Fs-1030MFP/ 1130/ 1035/ 1135MFP/ KM-2810/ 2820MFP /Fs-1028/ 1128MFP/ Left 2BR20180/ CET4389,CET4389,CET,Втулки,vtulka-vala-teflonovogo-cet-kyosera-fs-1100-1300d-fs-1120d-1320d-1370dn-fs-2000d-fs-1030mfp-1130-1035-1135mfp-km-2810-2820mfp-fs-1028-1128mfp-left-2br20180-cet4389cet4389,98.0,1,1
657,CATEGORY_ID,Втулка вала тефлонового L+ R CET SHARP AL1000/ 1200/ AR162/ 163/ 164/ AR160/ 161/ AR200/ 201/ 205/ 206/ 207 / AR-3818/ КОМПЛЕКТ/ NBRGP0567FCZZ/ LBSHZ0001QSZZ/ CET8255,NBRGP0567FCZZ/LBSHZ0001QSZZ CET8255,CET,Втулки,vtulka-vala-teflonovogo-l-r-cet-sharp-al1000-1200-ar162-163-164-ar160-161-ar200-201-205-206-207-ar-3818-komplekt-nbrgp0567fczz-lbshz0001qszz-cet8255nbrgp0567fczz-lbshz0001qszz-cet8255,133.0,1,1
682,CATEGORY_ID,Девелопер CET RICOH Aficio Type 28 2015/ 2018/ 2020/ 1015/ 1022/ 1027/ 2022/ MP2500/ DSM 615/ 616/ 618/ 620/ 725/ 730/ MP1500/ 1600/ 2000/ 2510/ 3010/ B1219645/ B1219640/ 888224/ 888225/ 89897/ 60 000 Pages/ 345 g/ Bag),CET6794N,CET,Девелоперы,developer-cet-ricoh-aficio-type-28-2015-2018-2020-1015-1022-1027-2022-mp2500-dsm-615-616-618-620-725-730-mp1500-1600-2000-2510-3010-b1219645-b1219640-888224-888225-89897-60-000-pages-345-g-bag-cet6794n,1225.0,1,1
689,CATEGORY_ID,Полотенце чистящее узла закрепления CET CANON iR5570/iR6570/iR5055/iR5065/iR5075/iR550/iR600/GP605/iR5000/iR6000/iR8500/iR ADVANCE 6055/6075/6085 Fuser Cleaning Web FY1-1157 CET6611,FY1-1157 CET6611,CET,Другое,polotentse-chistiashchee-uzla-zakrepleniia-cet-canon-ir5570-ir6570-ir5055-ir5065-ir5075-ir550-ir600-gp605-ir5000-ir6000-ir8500-ir-advance-6055-6075-6085-fuser-cleaning-web-fy1-1157-cet6611fy1-1157-cet6611,462.0,1,1
712,CATEGORY_ID,Вал переноса (коротрон) CET MINOLTA Bizhub162/163/180/210/220/Bizhub 200/250/350/Bizhub 222/282/362/7728/Bizhub 223/283/363/423/7828/Di1611/Di1811/Di2011/Di2510/Di3510 Transfer Roller 4034-0755-00/4030-0751-00/4040-R725/A1UD-R705-00 CET7225,4034-0755-00/4030-0751-00 CET7225,CET,Коротроны,val-perenosa-korotron-cet-minolta-bizhub162-163-180-210-220-bizhub-200-250-350-bizhub-222-282-362-7728-bizhub-223-283-363-423-7828-di1611-di1811-di2011-di2510-di3510-transfer-roller-4034-0755-00-4030-0751-00-4040-r725-a1ud-r705-00-cet72254034-0755-00-4030-0751-00-cet7225,500.5,1,1
714,CATEGORY_ID,Вал переноса (коротрон) CET RICOH Aficio 1022/1027/Aficio 2022/2027/2032/220/Aficio MP2510/MP2550/MP2851/MP3010/MP3351/Aficio 3025/3030 Transfer Roller A2673831/B2093831 CET6409,A2673831 B2093831 CET6409,CET,Коротроны,val-perenosa-korotron-cet-ricoh-aficio-1022-1027-aficio-2022-2027-2032-220-aficio-mp2510-mp2550-mp2851-mp3010-mp3351-aficio-3025-3030-transfer-roller-a2673831-b2093831-cet6409a2673831-b2093831-cet6409,388.5,1,1
740,CATEGORY_ID,Лезвие очистки CET MINOLTA Di152/ 183/ Bizhub163/ 180/ 210/ 220/ 164/ 184/ 200/ 250/ 350/ 222/ 282/ 362/ 7728/ Bizhub 223/ 283/ 363/ 423/ 7828/ Di250/ Di350/ Di251/ Di351/ Di1611/ Di1811/ Di2011/ 2510/ 3510 4021-5622-01 CET4662,CET4662,CET,Лезвие очистки,lezvie-ochistki-cet-minolta-di152-183-bizhub163-180-210-220-164-184-200-250-350-222-282-362-7728-bizhub-223-283-363-423-7828-di250-di350-di251-di351-di1611-di1811-di2011-2510-3510-4021-5622-01-cet4662cet4662,112.0,1,1
765,CATEGORY_ID,Лезвие очистки CET SHARP AR235/ 275/ 2048S/ 2348/ 2348N/ 2648N/ 3148N/ 5625/ 5631/ ARM208/ 236/ 237/ 276/ 277/ 256L/ 316L/ 258/ 318/ MXM260/ 264/ 310/ 314/ 354/ UCLEZ0011QSZZ/ CET4562,UCLEZ0011QSZZ CET4562,CET,Лезвие очистки,lezvie-ochistki-cet-sharp-ar235-275-2048s-2348-2348n-2648n-3148n-5625-5631-arm208-236-237-276-277-256l-316l-258-318-mxm260-264-310-314-354-uclez0011qszz-cet4562uclez0011qszz-cet4562,105.0,1,1
834,CATEGORY_ID,Подшипник блока проявки 8мм CET Ricoh Aficio 1060/1075/Ricoh Aficio 2060/2075/2060SP/2075SP/2051/2051SP/Ricoh Aficio MP 5500/6500/7500/5500SP/6500SP/7500SP/Ricoh Aficio MP 9000/1100/1350 Developer Bushing (OEM) B0653069 CET8122,B0653069 CET8122,CET,Подшипники,podshipnik-bloka-proiavki-8mm-cet-ricoh-aficio-1060-1075-ricoh-aficio-2060-2075-2060sp-2075sp-2051-2051sp-ricoh-aficio-mp-5500-6500-7500-5500sp-6500sp-7500sp-ricoh-aficio-mp-9000-1100-1350-developer-bushing-oem-b0653069-cet8122b0653069-cet8122,370.65,1,1
836,CATEGORY_ID,Подшипник вала тефлонового CETдля BROTHER MFC-7360/ 7460DN/ 7860DN/ HL2230/ 2240/ 2270DW/ DCP7060/ 7065DN / LJ-2400/ 2600 / LJ-M7400/ 7450/ 7600/ 7650/ КОМПЛЕКТ/ CET6762,CET6762,CET,Подшипники,podshipnik-vala-teflonovogo-cetdlia-brother-mfc-7360-7460dn-7860dn-hl2230-2240-2270dw-dcp7060-7065dn-lj-2400-2600-lj-m7400-7450-7600-7650-komplekt-cet6762cet6762,187.25,1,1
837,CATEGORY_ID,Подшипник вала тефлонового L+ R CET RICOH Aficio 1035/ 1045/ 2035/ 2045/ 3035/ MP4000/ 5000/ Bizhub 420/ 500/ Bizhub C250/ 252/ Di250/ 750/ ARM350/ 450/ AE030047/ XG9-0443/ CET6328/ КОМПЛЕКТ,AE030047, 1165-5712-01 CET6328,CET,Подшипники,podshipnik-vala-teflonovogo-l-r-cet-ricoh-aficio-1035-1045-2035-2045-3035-mp4000-5000-bizhub-420-500-bizhub-c250-252-di250-750-arm350-450-ae030047-xg9-0443-cet6328-komplektae030047-1165-5712-01-cet6328,364.0,1,1
846,CATEGORY_ID,Подшипник резинового вала CET MINOLTA Bizhub 200/250/350/Bizhub 222/282/362/7728/Bizhub 223/283/363/423/7828/Di251/Di351/Di2510/Di3510 Lower Roller Bearing 4011-5758-02 CET7301,4011-5758-02 CET7301,CET,Подшипники,podshipnik-rezinovogo-vala-cet-minolta-bizhub-200-250-350-bizhub-222-282-362-7728-bizhub-223-283-363-423-7828-di251-di351-di2510-di3510-lower-roller-bearing-4011-5758-02-cet73014011-5758-02-cet7301,289.45,1,1
855,CATEGORY_ID,Подшипник резинового вала CET RICOH Aficio MP4000/ 5000/ BD-2060/ 2860/ 2870/ 2068/ E-St 232/ 282/ 233/ 283/ 350/ 450/ 352/ 353/ 452/ 453/ 358/ 458/ DP2800/ 3500/ 4500/ ARM350/ 450/ 351/ 451 / HiQ/ AE030098/4401952220/F0-01387000/44202925000/F0-01387000/44202925000/NBRGY0093FCZZ/NBRGY0724FCZZ/XG9-0379 CET0888,44202925000 CET0888,CET,Подшипники,podshipnik-rezinovogo-vala-cet-ricoh-aficio-mp4000-5000-bd-2060-2860-2870-2068-e-st-232-282-233-283-350-450-352-353-452-453-358-458-dp2800-3500-4500-arm350-450-351-451-hiq-ae030098-4401952220-f0-01387000-44202925000-f0-01387000-44202925000-nbrgy0093fczz-nbrgy0724fczz-xg9-0379-cet088844202925000-cet0888,98.0,1,1
865,CATEGORY_ID,Подшипник тефлонового вала CET Kyocera KM-1500/ Fs-1016MFP/ Fs-1000/ 1010/ Fs-1018/ 1020/ Fs-720/ 820/ 920/ Fs-1030D/ KM-1500/ Fs-1016MFP/ Fs-1000/ 1010/ Fs-1018/ 1020/ Fs-720/ 820/ 920/ Fs-1030 Upper Roller Bushing Left 2A820131 CET4313B,CET4313B,CET,Подшипники,podshipnik-teflonovogo-vala-cet-kyocera-km-1500-fs-1016mfp-fs-1000-1010-fs-1018-1020-fs-720-820-920-fs-1030d-km-1500-fs-1016mfp-fs-1000-1010-fs-1018-1020-fs-720-820-920-fs-1030-upper-roller-bushing-left-2a820131-cet4313bcet4313b,77.0,1,1
866,CATEGORY_ID,Подшипник тефлонового вала CET Kyocera KM-1500/ Fs-1016MFP/ Fs-1000/ 1010/ Fs-1018/ 1020/ Fs-720/ 820/ 920/ Fs-1030D/ KM-1500/ Fs-1016MFP/ Fs-1000/ 1010/ Fs-1018/ 1020/ Fs-720/ 820/ 920/ Fs-1030 Upper Roller Bushing Right 2A820120 CET4313A,CET4313A,CET,Подшипники,podshipnik-teflonovogo-vala-cet-kyocera-km-1500-fs-1016mfp-fs-1000-1010-fs-1018-1020-fs-720-820-920-fs-1030d-km-1500-fs-1016mfp-fs-1000-1010-fs-1018-1020-fs-720-820-920-fs-1030-upper-roller-bushing-right-2a820120-cet4313acet4313a,77.0,1,1
871,CATEGORY_ID,Подшипник тефлонового вала CET MINOLTA Bizhub 200/ 250/ 350/ Bizhub 222/ 282/ 362/ 7728/ Bizhub 223/ 283/ 363/ 423/ 7828/ Di2510/ Di3510 Upper Roller Bushing-Right 4030-5741-02 CET7254,4030-5741-02 CET7254,CET,Подшипники,podshipnik-teflonovogo-vala-cet-minolta-bizhub-200-250-350-bizhub-222-282-362-7728-bizhub-223-283-363-423-7828-di2510-di3510-upper-roller-bushing-right-4030-5741-02-cet72544030-5741-02-cet7254,57.75,1,1
872,CATEGORY_ID,Подшипник тефлонового вала CET MINOLTA Bizhub 200/250/350/ 222/282/362/7728/ 223/283/363/423/7828/Di251/351/2510/3510/MX-M363/453/503/KM-3035/4035/5035/DP2310/2330/3010/3030/3510/4510/6010/8035/8045/8060 4011-5762-01/NBRGY0599FCZZ/2FG20230/DZLM000168 CET8337,4011-5762-01/4011-5762-01 CET8337,CET,Подшипники,podshipnik-teflonovogo-vala-cet-minolta-bizhub-200-250-350-222-282-362-7728-223-283-363-423-7828-di251-351-2510-3510-mx-m363-453-503-km-3035-4035-5035-dp2310-2330-3010-3030-3510-4510-6010-8035-8045-8060-4011-5762-01-nbrgy0599fczz-2fg20230-dzlm000168-cet83374011-5762-01-4011-5762-01-cet8337,367.5,1,1
880,CATEGORY_ID,Подшипник тефлонового вала CET RICOH Aficio 1015/ 1018/ 2015/ MP1800/ MP2500/ 1022/ 2022/ 2032/ MP2852/ 3352/ E-Studio 230/ 280S/ 232/ 282/ 233/ 283/ Phaser 4500/ 4510 КОМПЛЕКТ Upper Roller Bearing G0524618 CET6121,G0524618 CET6121,CET,Подшипники,podshipnik-teflonovogo-vala-cet-ricoh-aficio-1015-1018-2015-mp1800-mp2500-1022-2022-2032-mp2852-3352-e-studio-230-280s-232-282-233-283-phaser-4500-4510-komplekt-upper-roller-bearing-g0524618-cet6121g0524618-cet6121,350.0,1,1
882,CATEGORY_ID,Подшипник тефлонового вала CET RICOH Aficio MP5500/ 6500/ 7500/ Aficio 2051/ 2060/ 2075/ E-Studio 350/ 450/ E-Studio 352/ 353/ 452/ 453/ E-Studio 358/ 458/ DP2800/ 3500/ 4500/ LJ 9000/ CP6015/ CM6030/ CM6040 Upper Roller Bearing AE030054 CET0910,AE030054/XG9-0442 CET0910,CET,Подшипники,podshipnik-teflonovogo-vala-cet-ricoh-aficio-mp5500-6500-7500-aficio-2051-2060-2075-e-studio-350-450-e-studio-352-353-452-453-e-studio-358-458-dp2800-3500-4500-lj-9000-cp6015-cm6030-cm6040-upper-roller-bearing-ae030054-cet0910ae030054-xg9-0442-cet0910,413.0,1,1
954,CATEGORY_ID,Ролик захвата бумаги CET MINOLTA Bizhub 200/ 250/ 350/ Bizhub 222/ 282/ Bizhub 420/ 500/ Bizhub Color C250/ 252/ Bizhub C220/ C280/ C360/ Di2510/ Di3510/ Di450/ Di470/ Di550 4030-3005-01 4002-3216-01 CET7058 CET7017,4030-3005-01 4002-3216-01 CET7058 CET7017,CET,Ролики,rolik-zakhvata-bumagi-cet-minolta-bizhub-200-250-350-bizhub-222-282-bizhub-420-500-bizhub-color-c250-252-bizhub-c220-c280-c360-di2510-di3510-di450-di470-di550-4030-3005-01-4002-3216-01-cet7058-cet70174030-3005-01-4002-3216-01-cet7058-cet7017,136.5,1,1
1025,CATEGORY_ID,Ролик подачи бумаги (комплект) CET CANON iR3030/iR3035/iR3045 iR3230/iR3235/iR3245/iRC2880/iRC3380 Paper Pickup Roller Kit FB6-3405 (2Pcs), FC6-7083 (2Pcs), FC6-6661 (2Pcs) CET3986,Roller Kit CET3986,CET,Ролики,rolik-podachi-bumagi-komplekt-cet-canon-ir3030-ir3035-ir3045-ir3230-ir3235-ir3245-irc2880-irc3380-paper-pickup-roller-kit-fb6-3405-2pcs-fc6-7083-2pcs-fc6-6661-2pcs-cet3986roller-kit-cet3986,944.65,1,1
1028,CATEGORY_ID,Ролик подачи бумаги (комплект) CET Kyocera KM-1620/ 1650/ 2050/ 2550/ KM-1635/ 2035/ KM-2530/ 3530/ 4030/ KM-3035/ 4035/ 5035/ Fs-9120/ 9520/ 2AR07220 1Pc/ 2AR07230 1Pc/ 2AR07240 1Pc/ CET8856,Roller Kit CET8856,CET,Ролики,rolik-podachi-bumagi-komplekt-cet-kyocera-km-1620-1650-2050-2550-km-1635-2035-km-2530-3530-4030-km-3035-4035-5035-fs-9120-9520-2ar07220-1pc-2ar07230-1pc-2ar07240-1pc-cet8856roller-kit-cet8856,315.0,1,1
1041,CATEGORY_ID,Ролик подачи бумаги (комплект) CET TOSHIBA E-Studio 230/280S/E-Studio 232/282/233/283/E-Studio 350/450 Paper Pickup Roller Kit 4401964410(1Pc), 41306719000(1Pc), 41304047100(1Pc), CET8358,Roller Kit CET8358,CET,Ролики,rolik-podachi-bumagi-komplekt-cet-toshiba-e-studio-230-280s-e-studio-232-282-233-283-e-studio-350-450-paper-pickup-roller-kit-4401964410-1pc-41306719000-1pc-41304047100-1pc-cet8358roller-kit-cet8358,280.0,1,1
1047,CATEGORY_ID,Ролик подачи бумаги (отделения и протяжки) CET HP LJ 4200/ 4300/ 4250/ 4350/ P4014/ P4015/P4515/ M601/ M602/ M603/ Color LJ 4700/ 4730/ CP4005 ОРИГИНАЛ! New (OEM) RM1-0036 CET5896,RM1-0036 CET5896 OEM,CET,Ролики,rolik-podachi-bumagi-otdeleniia-i-protiazhki-cet-hp-lj-4200-4300-4250-4350-p4014-p4015-p4515-m601-m602-m603-color-lj-4700-4730-cp4005-original-new-oem-rm1-0036-cet5896rm1-0036-cet5896-oem,150.5,1,1
1070,CATEGORY_ID,Ролик подачи бумаги CET CANON iR2520/ 2525/ 2530/ 2535/ 2545/ iRC4080/ 4580/ 5180/ C2020/ 2025 /C5030/ C5035/ C5045/ 4025/ 4035/ 4045/ 4051 New Paper Pickup Roller-PU FB6-3405 CET6558,FB6-3405 CET6558,CET,Ролики,rolik-podachi-bumagi-cet-canon-ir2520-2525-2530-2535-2545-irc4080-4580-5180-c2020-2025-c5030-c5035-c5045-4025-4035-4045-4051-new-paper-pickup-roller-pu-fb6-3405-cet6558fb6-3405-cet6558,171.5,1,1
1077,CATEGORY_ID,Ролик подачи бумаги CET HP P2035/ 2055/ M401/ Canon iR1133/ LBP-6300/ 6310/ 6650/ 6670/ 6680/ MF5880/5840/ MF5980/ 5940/ 6780/ 5960/ 5950/ 5930/ MF6680 Paper Pickup Roller-Tray2 RM1-9168 RM1-6414 CET3690,RM1-9168 RM1-6414 CET3690,CET,Ролики,rolik-podachi-bumagi-cet-hp-p2035-2055-m401-canon-ir1133-lbp-6300-6310-6650-6670-6680-mf5880-5840-mf5980-5940-6780-5960-5950-5930-mf6680-paper-pickup-roller-tray2-rm1-9168-rm1-6414-cet3690rm1-9168-rm1-6414-cet3690,87.5,1,1
1126,CATEGORY_ID,Палец отделения (сепаратор) тефлонового вала CET BROTHER MFC-8460N/DCP8060/HL5240 LJ3500/3550DN/MFC-8480DN/DCP8080DN/HL5340D Upper Picker Finger LM4994001 CET3559,LM4994001 CET3559,CET,Сепараторы,palets-otdeleniia-separator-teflonovogo-vala-cet-brother-mfc-8460n-dcp8060-hl5240-lj3500-3550dn-mfc-8480dn-dcp8080dn-hl5340d-upper-picker-finger-lm4994001-cet3559lm4994001-cet3559,143.5,1,1
1128,CATEGORY_ID,Палец отделения (сепаратор) тефлонового вала CET CANON iR5055/iR5065/iR5075/iR550/iR600/GP605/iR5000/iR6000/iR8500/iR ADVANCE 6055/6075/6085/iR ADVANCE 8085/8095/8105 Upper Picker Finger FB5-3625 /FC1-0391/FB5-8727 CET5385,FB5-3625 /FC1-0391/FB5-8727 CET5385,CET,Сепараторы,palets-otdeleniia-separator-teflonovogo-vala-cet-canon-ir5055-ir5065-ir5075-ir550-ir600-gp605-ir5000-ir6000-ir8500-ir-advance-6055-6075-6085-ir-advance-8085-8095-8105-upper-picker-finger-fb5-3625-fc1-0391-fb5-8727-cet5385fb5-3625-fc1-0391-fb5-8727-cet5385,56.0,1,1
1130,CATEGORY_ID,Палец отделения (сепаратор) тефлонового вала CET Kyocera FS-1028/ 1128MFP/ 1120D/ 1120DN/ 1030MFP/ 1130MFP/ 1035MFP/ 1135MFP/ 1320D/ 1370DN/ ECOSYS M2030DN/ M2530DN/ P2035D/ P2035DN Upper Picker Finger 2HS25460 CET6549 CET7823,2HS25460 CET6549 CET7823,CET,Сепараторы,palets-otdeleniia-separator-teflonovogo-vala-cet-kyocera-fs-1028-1128mfp-1120d-1120dn-1030mfp-1130mfp-1035mfp-1135mfp-1320d-1370dn-ecosys-m2030dn-m2530dn-p2035d-p2035dn-upper-picker-finger-2hs25460-cet6549-cet78232hs25460-cet6549-cet7823,129.5,1,1
1131,CATEGORY_ID,Палец отделения (сепаратор) тефлонового вала CET Kyocera FS-1320D/ 4000DN/ 4020DN/ 4200DN/ TASKalfa 1800/ 1801/ 2200/ 2201 Upper Picker Finger 2A820530 CET4395,2A820530 CET4395,CET,Сепараторы,palets-otdeleniia-separator-teflonovogo-vala-cet-kyocera-fs-1320d-4000dn-4020dn-4200dn-taskalfa-1800-1801-2200-2201-upper-picker-finger-2a820530-cet43952a820530-cet4395,98.0,1,1
1132,CATEGORY_ID,Палец отделения (сепаратор) тефлонового вала CET Kyocera KM-1500/ Fs-1016MFP/ Fs-1000/ 1010/ Fs-1018/ 1020/ Fs-720/ 820/ 920/ Fs-1030D/ Fs-1100/ 1300D / HiQ/ Upper Picker Finger 2A820360 CET4312 CET7822,2A820360 CET4312 CET7822,CET,Сепараторы,palets-otdeleniia-separator-teflonovogo-vala-cet-kyocera-km-1500-fs-1016mfp-fs-1000-1010-fs-1018-1020-fs-720-820-920-fs-1030d-fs-1100-1300d-hiq-upper-picker-finger-2a820360-cet4312-cet78222a820360-cet4312-cet7822,52.5,1,1
1134,CATEGORY_ID,Палец отделения (сепаратор) тефлонового вала CET Kyocera KM-1620/ 1650/ 2050/ 2550/ KM-1635/ 2035/ TASKalfa 180/ 181/ 220/ 221 (1/5) Upper Picker Finger 2FT20120 2BR20240 CET8851,CET8851,CET,Сепараторы,palets-otdeleniia-separator-teflonovogo-vala-cet-kyocera-km-1620-1650-2050-2550-km-1635-2035-taskalfa-180-181-220-221-1-5-upper-picker-finger-2ft20120-2br20240-cet8851cet8851,87.5,1,1
1135,CATEGORY_ID,Палец отделения (сепаратор) тефлонового вала CET Kyocera TASKalfa 420i/520i/KM-2530/3530/KM-4030/KM-3035/4035/5035/KM-3050/4050/5050/Fs-9120DN/9520DN/Fs-9130DN/9530DN Upper Picker Finger 2BL20080 CET8823,2BL20080 CET8823,CET,Сепараторы,palets-otdeleniia-separator-teflonovogo-vala-cet-kyocera-taskalfa-420i-520i-km-2530-3530-km-4030-km-3035-4035-5035-km-3050-4050-5050-fs-9120dn-9520dn-fs-9130dn-9530dn-upper-picker-finger-2bl20080-cet88232bl20080-cet8823,108.5,1,1
1142,CATEGORY_ID,Палец отделения (сепаратор) тефлонового вала CET SHARP ARM208/208N/ARM236/237/276/277/ARM256L/316L/M258/318/AR275 Upper Picker Finger PTME0024QSZZ CET8259,PTME0024QSZZ CET8259,CET,Сепараторы,palets-otdeleniia-separator-teflonovogo-vala-cet-sharp-arm208-208n-arm236-237-276-277-arm256l-316l-m258-318-ar275-upper-picker-finger-ptme0024qszz-cet8259ptme0024qszz-cet8259,70.0,1,1
1145,CATEGORY_ID,Палец отделения / сепаратор/ вала тефлонового CET MINOLTA Bizhub 200/ 250/ 350/ Bizhub 222/ 282/ 362/ 7728/ Bizhub 223/ 283/ 363/ 423/ 7828/ Di2510/ Di3510/  W/Spring 4030-5716-02/4040-5755/ CET7103,4030-5716-02/4040-5755 CET7103,CET,Сепараторы,palets-otdeleniia-separator-vala-teflonovogo-cet-minolta-bizhub-200-250-350-bizhub-222-282-362-7728-bizhub-223-283-363-423-7828-di2510-di3510-w-spring-4030-5716-02-4040-5755-cet71034030-5716-02-4040-5755-cet7103,89.25,1,1
1148,CATEGORY_ID,Палец отделения / сепаратор/ вала тефлонового CET SHARP AL1000/ 1010/ 1020/  1200/ 1220/ 1240/ 1250/ W/Spring/ CTME0229FC03/ CET7665/ CET8258/ replaced by/ CET7665),CET7665,CET,Сепараторы,palets-otdeleniia-separator-vala-teflonovogo-cet-sharp-al1000-1010-1020-1200-1220-1240-1250-w-spring-ctme0229fc03-cet7665-cet8258-replaced-by-cet7665-cet7665,56.0,1,1
1150,CATEGORY_ID,Палец отделения / сепаратор/ вала тефлонового CET для MINOLTA Bizhub 600/ 750/ Di551/ Di650/ K-7033/ 7040/ 7045/ K-7155/ 7165/ 7255/ 4024-1014-01/ CET8042/ CET7105,4024-1014-01 CET8042/ CET7105,CET,Сепараторы,palets-otdeleniia-separator-vala-teflonovogo-cet-dlia-minolta-bizhub-600-750-di551-di650-k-7033-7040-7045-k-7155-7165-7255-4024-1014-01-cet8042-cet71054024-1014-01-cet8042-cet7105,56.0,1,1
1152,CATEGORY_ID,Палец отделения /сепаратор/ вала резинового CET SHARP AR160/ 161/ ARM208/ ARM236/ 237/ 276/ ARM256L/ 316L/ M258/ 318/ AR235/ AR200/ 201/ 205/ 206/ 1/4/ PTME0014QSZZ/ PTME0283FCZZ / CET8260,CET8260,CET,Сепараторы,palets-otdeleniia-separator-vala-rezinovogo-cet-sharp-ar160-161-arm208-arm236-237-276-arm256l-316l-m258-318-ar235-ar200-201-205-206-1-4-ptme0014qszz-ptme0283fczz-cet8260cet8260,70.0,1,1
1153,CATEGORY_ID,Палец отделения /сепаратор/ вала тефлонового CET MINOLTA Di152/ Di183/ Bizhub 162/ 163/ 180/ 210/ 220/ 164/ 184/ 7718/ Di1611/ Di1811/ Di2011/ в комплекте с пружиной/ 4021-5720-02/ CET7094,CET7094,CET,Сепараторы,palets-otdeleniia-separator-vala-teflonovogo-cet-minolta-di152-di183-bizhub-162-163-180-210-220-164-184-7718-di1611-di1811-di2011-v-komplekte-s-pruzhinoi-4021-5720-02-cet7094cet7094,84.0,1,1
1162,CATEGORY_ID,Палец отделения/ сепаратор вала тефлонового CET TOSHIBA E-Studio 181/ 163/ 166/ 167/ 207/ 237/ 206/ 165 / в компл. пружина/ 6LE58405000/ 6LE58590000/ CET7407),6LE58590000 CET7407,CET,Сепараторы,palets-otdeleniia-separator-vala-teflonovogo-cet-toshiba-e-studio-181-163-166-167-207-237-206-165-v-kompl-pruzhina-6le58405000-6le58590000-cet7407-6le58590000-cet7407,71.75,1,1
1164,CATEGORY_ID,Палец отделения/ сепаратор/ вала тефлонового CET TOSHIBA E-Studio 255/ 256/ 305/ 306/ 355/ 356/ 455/ 456/ 506/ 206L Upper Picker Finger W/Spring 6LH55233000 CET7412,6LH55233000 CET7412,CET,Сепараторы,palets-otdeleniia-separator-vala-teflonovogo-cet-toshiba-e-studio-255-256-305-306-355-356-455-456-506-206l-upper-picker-finger-w-spring-6lh55233000-cet74126lh55233000-cet7412,91.0,1,1
1168,CATEGORY_ID,Смазка для термопленки (для высокоскоростных аппаратов) CET HP LJ 4250/4350/LJ P4014N/P4015N/P4515N/LJ M601/M602/M603 Grease For Film 2,0g (OEM) HP300 CET2828,HP300 CET2828-2,0g,CET,Средства ухода,smazka-dlia-termoplenki-dlia-vysokoskorostnykh-apparatov-cet-hp-lj-4250-4350-lj-p4014n-p4015n-p4515n-lj-m601-m602-m603-grease-for-film-20g-oem-hp300-cet2828hp300-cet2828-20g,54.25,1,1
1181,CATEGORY_ID,Термопленка CET HP LJ 1010/1018/1020/1022/ 1000/1200/1150/1300/ 1160/1320/P2015 Fuser Fixing Film RM1-0656-film/RM1-0656-film/RM1-7547-Film/RG9-1494-film/RM1-1461-film/RM1-4247-film/RM1-6405-film CET0401,RG5-1493-Film CET3829,CET,Термопленки,termoplenka-cet-hp-lj-1010-1018-1020-1022-1000-1200-1150-1300-1160-1320-p2015-fuser-fixing-film-rm1-0656-film-rm1-0656-film-rm1-7547-film-rg9-1494-film-rm1-1461-film-rm1-4247-film-rm1-6405-film-cet0401rg5-1493-film-cet3829,84.0,1,1
1279,CATEGORY_ID,Фотобарабан CET RICOH Aficio 1015/ 1018 / 1022/ 2022 / 2015/ 2018/ MP1500/ 1600/ 1900/ 2000/ 2501/ 2352/ 2852/ 3352/  Gestetner 1312/ 1502/ 1802/ DSm615/ 618/ 620/ 725/ 730/ B0399510/ 50K/ CET1813N,B0399510 CET1813N,CET,Фотобарабаны,fotobaraban-cet-ricoh-aficio-1015-1018-1022-2022-2015-2018-mp1500-1600-1900-2000-2501-2352-2852-3352-gestetner-1312-1502-1802-dsm615-618-620-725-730-b0399510-50k-cet1813nb0399510-cet1813n,325.5,1,1
1280,CATEGORY_ID,Фотобарабан CET RICOH Aficio 1015/ 1018 / 1022/ 2022 / 2015/ 2018/ MP1500/ 1600/ 1900/ 2000/ 2501/ 2352/ 2852/ 3352/  Gestetner 1312/ 1502/ 1802/ DSm615/ 618/ 620/ 725/ 730/ B0399510/ Long Life 80K/ CET8565N,B0399510 CET8565N,CET,Фотобарабаны,fotobaraban-cet-ricoh-aficio-1015-1018-1022-2022-2015-2018-mp1500-1600-1900-2000-2501-2352-2852-3352-gestetner-1312-1502-1802-dsm615-618-620-725-730-b0399510-long-life-80k-cet8565nb0399510-cet8565n,787.5,1,1
1282,CATEGORY_ID,Фотобарабан CET RICOH Aficio 1035/ 1045/ 2035/ 2045/ 3035/ 3045/ 340/ 350/ 450/ MP 3500/ MP 4500/ SP 8100 DN/ Gestetner 3502/ 4502/ DSm635/ DSm645/ DSm735/ DSm745/ Long Life OPC/ 150 К/ A2309510/ B0822203 CET4488M,CET4488M,CET,Фотобарабаны,fotobaraban-cet-ricoh-aficio-1035-1045-2035-2045-3035-3045-340-350-450-mp-3500-mp-4500-sp-8100-dn-gestetner-3502-4502-dsm635-dsm645-dsm735-dsm745-long-life-opc-150-k-a2309510-b0822203-cet4488mcet4488m,1085.0,1,1
1283,CATEGORY_ID,Фотобарабан CET RICOH Aficio 1035/ 1045/ 2035/ 2045/ 3035/ 3045/ 340/ 350/ 450/ MP 3500/ MP 4500/ SP 8100 DN/ Gestetner 3502/ 4502/ DSm635/ DSm645/ DSm735/ DSm745/ OEM COLOR/ Long Life DRUM 150 К/ A2309510/ B0822203 CET101006,CET101006,CET,Фотобарабаны,fotobaraban-cet-ricoh-aficio-1035-1045-2035-2045-3035-3045-340-350-450-mp-3500-mp-4500-sp-8100-dn-gestetner-3502-4502-dsm635-dsm645-dsm735-dsm745-oem-color-long-life-drum-150-k-a2309510-b0822203-cet101006cet101006,1225.0,1,1
1284,CATEGORY_ID,Фотобарабан CET RICOH Aficio 1035/ 1045/ 2035/ 2045/ 3035/ 3045/ 340/ 350/ 450/ MP 3500/ MP 4500/ SP 8100 DN/ Gestetner 3502/ 4502/ DSm635/ DSm645/ DSm735/ DSm745/ OEM DRUM 160 К/ A2309510/ B0822203/ CET5045,CET5045,CET,Фотобарабаны,fotobaraban-cet-ricoh-aficio-1035-1045-2035-2045-3035-3045-340-350-450-mp-3500-mp-4500-sp-8100-dn-gestetner-3502-4502-dsm635-dsm645-dsm735-dsm745-oem-drum-160-k-a2309510-b0822203-cet5045cet5045,1330.0,1,1
1285,CATEGORY_ID,Фотобарабан CET RICOH AFICIO 1065/1075/2060/2075/ MP5500/6500/7500/ MP6000/7000/8000/ MP6001/7001/8001/ MP9001/9002 (HQ/ Long Life OPC Drum 700K) B2469510/B0709510/A2949510 CET1892,CET1892,CET,Фотобарабаны,fotobaraban-cet-ricoh-aficio-1065-1075-2060-2075-mp5500-6500-7500-mp6000-7000-8000-mp6001-7001-8001-mp9001-9002-hq-long-life-opc-drum-700k-b2469510-b0709510-a2949510-cet1892cet1892,1575.0,1,1
1305,CATEGORY_ID,Фотобарабан CET XEROX WC 7525/7530/7535/7545/7556/7830/7835/7845/7855/ Phaser 7500/7800/(3010/ WC3045)  (CT350851, 013R00647, LONG LIFE OPC DRUM, CET EXCLUSIVE, NEW!!! ) 100 000 Page 013R00647 CET7924,013R00647 CET7924,CET,Фотобарабаны,fotobaraban-cet-xerox-wc-7525-7530-7535-7545-7556-7830-7835-7845-7855-phaser-7500-7800-3010-wc3045-ct350851-013r00647-long-life-opc-drum-cet-exclusive-new-100-000-page-013r00647-cet7924013r00647-cet7924,1085.0,1,1
1332,CATEGORY_ID,Шестерня блока проявки (комплект) CET RICOH Aficio 1022/ 1027/  2022/ 2027/ 2032/ MP2352/ MP2851/ MP3010/ MP3351/ Gestetner 2212/ 2712/ 3212/3222/ 3227/ DSM 622/ 627/632/ HQ/ AB011400/ CET5999,Kit CET5999,CET,Шестерни,shesternia-bloka-proiavki-komplekt-cet-ricoh-aficio-1022-1027-2022-2027-2032-mp2352-mp2851-mp3010-mp3351-gestetner-2212-2712-3212-3222-3227-dsm-622-627-632-hq-ab011400-cet5999kit-cet5999,182.0,1,1
1340,CATEGORY_ID,Шестерня тефлонового вала CET MINOLTA Bizhub 200/ 250/ 350/ Bizhub 222/ 282/ 362/ Bizhub 223/ 283/ 363/ 423/ Di2510/ Di3510/ 39T Upper Roller Gear 39T 4030-5703-02 CET7249,4030-5703-02 CET7249,CET,Шестерни,shesternia-teflonovogo-vala-cet-minolta-bizhub-200-250-350-bizhub-222-282-362-bizhub-223-283-363-423-di2510-di3510-39t-upper-roller-gear-39t-4030-5703-02-cet72494030-5703-02-cet7249,178.5,1,1
1379,CATEGORY_ID,Шестерня вала тефлонового CET SHARP AL1000/ 1010/ 1020/1200/ 1220/ 1240/ AL2030/ AR160/ 161/ 162/ 163/ 164/ AR200/ 201/ 205/ 206/ 207/ 45 T /NGERH0540FCZ1/ NGERH0541FCZ3/ CET8250,NGERH0540FCZ1/NGERH0541FCZ3 CET8250,CET,Шестерни вала тефлонового,shesternia-vala-teflonovogo-cet-sharp-al1000-1010-1020-1200-1220-1240-al2030-ar160-161-162-163-164-ar200-201-205-206-207-45-t-ngerh0540fcz1-ngerh0541fcz3-cet8250ngerh0540fcz1-ngerh0541fcz3-cet8250,84.0,1,1
1414,CATEGORY_ID,Лезвие вала магнитного CHB для CANON IR2016/ IR2016I/ IR2018I/ IR2020/ IR2020I/ IR2022I/ IR2025I/ IR2030I/ IR2000 /IR2010F/ IR2116/ IR2318/ 2320/ 2322/ 2420/ FC6-4453-000,CHB 2133G,CHOETECH,Лезвие дозирующее,lezvie-vala-magnitnogo-chb-dlia-canon-ir2016-ir2016i-ir2018i-ir2020-ir2020i-ir2022i-ir2025i-ir2030i-ir2000-ir2010f-ir2116-ir2318-2320-2322-2420-fc6-4453-000chb-2133g,378.0,1,1
1430,CATEGORY_ID,Лезвие дозирующее CHB для HP CP1215/ 1515/ 1518/ 1525/ 2020/ 2025/ CM1312/ 1415/ 1120/ CM2320/ Pro 300 MFP M351/ 375/ Pro 400 MFP 451/ 475/ Pro 200 M276/ 251/ Canon LBP5050,CHB 024A,CHOETECH,Лезвие дозирующее,lezvie-doziruiushchee-chb-dlia-hp-cp1215-1515-1518-1525-2020-2025-cm1312-1415-1120-cm2320-pro-300-mfp-m351-375-pro-400-mfp-451-475-pro-200-m276-251-canon-lbp5050chb-024a,29.4,1,1
1434,CATEGORY_ID,Лезвие дозирующее CHB для HP P1005/ P1006/ P1007/ P1008/ P1505/ M1120/ M1522/ M1210/ 1130/ 1212/ 1213/ P1566/ P1606/ Pro M1536/ LJ Pro MFP M125/ M127/ M201/ M225/ CB435A/ CB436A/ CE285A/ CE278A/ CF283A/ universal blade, Adhesive tape,CHB 018A-TW,CHOETECH,Лезвие дозирующее,lezvie-doziruiushchee-chb-dlia-hp-p1005-p1006-p1007-p1008-p1505-m1120-m1522-m1210-1130-1212-1213-p1566-p1606-pro-m1536-lj-pro-mfp-m125-m127-m201-m225-cb435a-cb436a-ce285a-ce278a-cf283a-universal-blade-adhesive-tapechb-018a-tw,13.3,1,1
1446,CATEGORY_ID,Лезвие дозирующее CHB для Samsung ML 1510/ 1710/ 1740/ 1745/ 1750/ SCX 4016/ 4100/ 4116/ 4200/ 4216/ 4300/ 4310/ 4315/ SF-560R/ Xerox Phaser 3115/ 3116/ 3120/ 3121/ 3130/ with foam,CHB 001A-TW,CHOETECH,Лезвие дозирующее,lezvie-doziruiushchee-chb-dlia-samsung-ml-1510-1710-1740-1745-1750-scx-4016-4100-4116-4200-4216-4300-4310-4315-sf-560r-xerox-phaser-3115-3116-3120-3121-3130-with-foamchb-001a-tw,36.05,1,1
1483,CATEGORY_ID,Лезвие очистки CHB для HP P1005/ P1006/ P1007/ P1008/ P1505/ M1120/ M1522/ M1210/ 1130/ 1212/ 1213/ P1566/ P1606/ Pro M1536/ LJ Pro MFP M125/ M127/ M201/ M225/ CB435A/ CB436A/ CE285A/ CE278A/ CF283A/ universal blade, Adhesive tape,CHB 018B-T2,CHOETECH,Лезвие очистки,lezvie-ochistki-chb-dlia-hp-p1005-p1006-p1007-p1008-p1505-m1120-m1522-m1210-1130-1212-1213-p1566-p1606-pro-m1536-lj-pro-mfp-m125-m127-m201-m225-cb435a-cb436a-ce285a-ce278a-cf283a-universal-blade-adhesive-tapechb-018b-t2,19.95,1,1
1510,CATEGORY_ID,Лезвие очистки CHB для Samsung ML 1510/ 1710/ 1740/ 1745/ 1750/ SCX 4016/ 4100/ 4116/ 4200/ 4216/ 4300/ 4310/ 4315/ SF-560R/ Xerox Phaser 3115/ 3116/ 3120/ 3121/ 3130/ with foam,CHB 001B,CHOETECH,Лезвие очистки,lezvie-ochistki-chb-dlia-samsung-ml-1510-1710-1740-1745-1750-scx-4016-4100-4116-4200-4216-4300-4310-4315-sf-560r-xerox-phaser-3115-3116-3120-3121-3130-with-foamchb-001b,37.1,1,1
1514,CATEGORY_ID,Лезвие очистки CHB для Samsung ML 2850/ 2851/ 1910/ 1052/ 2525/ 1915/ 2580N/ SCX-4824/ 4828/ 4600/ 4623/ 6122/ 6120/ 6220/ 6320/ 6322/ 6520/ SF650/ Xerox Phaser 3250/ M20/ MLT-D105 with foam,CHB 029B,CHOETECH,Лезвие очистки,lezvie-ochistki-chb-dlia-samsung-ml-2850-2851-1910-1052-2525-1915-2580n-scx-4824-4828-4600-4623-6122-6120-6220-6320-6322-6520-sf650-xerox-phaser-3250-m20-mlt-d105-with-foamchb-029b,29.4,1,1
1645,CATEGORY_ID,Жидкость для очистки принтеров, копировальных аппаратов, транспортных ремней и др. Delacamp (Delacamp C2) 1L/bottle LaserLand,61591,DELACAMP,Средства ухода,zhidkost-dlia-ochistki-printerov-kopirovalnykh-apparatov-transportnykh-remnei-i-dr-delacamp-delacamp-c2-1l-bottle-laserland61591,350.0,1,1
1723,CATEGORY_ID,Тонер MK Imaging Kyocera TK-120/ TK-130/ TK-140/ TK-160/ TK-170/ TK-310/ TK-320/ TK-330/ TK-340/ TK-350/ TK-360/ TK-435/ TK-440/ TASKALFA 220/ Epson M2000/ 2300/ 2400 (1000г/банка) Packed in Ukraine!,U20577/20647-1000,DELACAMP,Тонеры,toner-mk-imaging-kyocera-tk-120-tk-130-tk-140-tk-160-tk-170-tk-310-tk-320-tk-330-tk-340-tk-350-tk-360-tk-435-tk-440-taskalfa-220-epson-m2000-2300-2400-1000g-banka-packed-in-ukraine-u20577-20647-1000,735.0,1,1
1771,CATEGORY_ID,Тонер MK Imaging Samsung ML1510/ 1610/ 1710/ 1910/ 1630/ 1640/ 1660/ 2850/ SCX-4100/ 4216/ 3200/ 4300/ Xerox Pe16/ Pe114/ 3120 (80г/бутль) (10шт в коробке) Packed in Ukraine! OEM,U20302-80,DELACAMP,Тонеры,toner-mk-imaging-samsung-ml1510-1610-1710-1910-1630-1640-1660-2850-scx-4100-4216-3200-4300-xerox-pe16-pe114-3120-80g-butl-10sht-v-korobke-packed-in-ukraine-oemu20302-80,45.5,1,1
1786,CATEGORY_ID,Фотобарабан MK Imaging для Brother HL-2030/ 2040/ 2070N/ 2130/ 2140/ 2170/ TN350/ TN2000/ DR360/ MFC-7220/ 7225N/ 7420/ 7820N/ Xerox Docuprint 203A/ 204A/ IntelliFax 2820/ 2920 (DR350/ DR2000/ DR2075),19731/15040/19704,DELACAMP,Фотобарабаны,fotobaraban-mk-imaging-dlia-brother-hl-2030-2040-2070n-2130-2140-2170-tn350-tn2000-dr360-mfc-7220-7225n-7420-7820n-xerox-docuprint-203a-204a-intellifax-2820-2920-dr350-dr2000-dr2075-19731-15040-19704,178.5,1,1
1910,CATEGORY_ID,Вал первичного заряда Erus для HP P1005/ 1006/ 1550/ 1606/ 1505/ 1102/ 1566 Canon i-SENSYS LBP-3010/ 3100/ 6000/ 4410/ 4420/ 4430/ 4450 (Hard) 20 шт. в коробке!,PCR-1005-Erus,ERUS,Вал заряда,val-pervichnogo-zariada-erus-dlia-hp-p1005-1006-1550-1606-1505-1102-1566-canon-i-sensys-lbp-3010-3100-6000-4410-4420-4430-4450-hard-20-sht-v-korobke-pcr-1005-erus,50.75,1,1
2064,CATEGORY_ID,Лезвие очистки Erus для MINOLTA Di152/ 183/ BIZHUB 162/ 163/ 164/ 180/ 181/ 184/ 185/ 195/ 210/ 211/ 215/ 235/ EP-7115/ 7118/ DI 1611/ 2011/ Develop INEO 210/ 213/ 4021-5622-01,70962-Erus/4021-5622-01,ERUS,Лезвие очистки,lezvie-ochistki-erus-dlia-minolta-di152-183-bizhub-162-163-164-180-181-184-185-195-210-211-215-235-ep-7115-7118-di-1611-2011-develop-ineo-210-213-4021-5622-0170962-erus-4021-5622-01,168.0,1,1
2100,CATEGORY_ID,Ролик подачи бумаги  ERUS для HP P2035/ 2055/ M401/ Canon iR1133/ LBP-6300/ 6310/ 6650/ 6670/ 6680/ MF5880/5840/ MF5980/ 5940/ 6780/ 5960/ 5950/ 5930/ MF6680/ RM1-9168 RM1-6414,RM1-9168/RM1-6414-Erus,ERUS,Ролики,rolik-podachi-bumagi-erus-dlia-hp-p2035-2055-m401-canon-ir1133-lbp-6300-6310-6650-6670-6680-mf5880-5840-mf5980-5940-6780-5960-5950-5930-mf6680-rm1-9168-rm1-6414rm1-9168-rm1-6414-erus,108.15,1,1
2101,CATEGORY_ID,Ролик подачи бумаги (из кассеты) Erus Canon IR 2200/2800/3300, (G-18), комплект (FF5-4634-020 (PN Erus 05153) - 1 шт.+ FF5-4552-020 (PN Erus 05165)- 2 шт),1114-Erus,ERUS,Ролики,rolik-podachi-bumagi-iz-kassety-erus-canon-ir-2200-2800-3300-g-18-komplekt-ff5-4634-020-pn-erus-05153-1-sht-ff5-4552-020-pn-erus-05165-2-sht-1114-erus,242.55,1,1
2117,CATEGORY_ID,Палец отделения (сепаратор) вала тефлонового Erus для MINOLTA Di152/ Di183/ Bizhub 162/ 163/ 180/ 210/ 220/ 164/ 184/ 7718/ Di1611/ Di1811/ Di2011/ 4021-5720-02/ комплект 5 шт.),4021-5720-02-Erus,ERUS,Сепараторы,palets-otdeleniia-separator-vala-teflonovogo-erus-dlia-minolta-di152-di183-bizhub-162-163-180-210-220-164-184-7718-di1611-di1811-di2011-4021-5720-02-komplekt-5-sht-4021-5720-02-erus,329.7,1,1
2119,CATEGORY_ID,Палец отделения / сепаратор/ вала тефлонового комплект 5 шт Erus для RICOH Aficio 1015/ 1018/ 2015/ 2018/ MP1600/ 1800/ 2500/ 2000/  AE044040/ AE044062,AE044040-Erus,ERUS,Сепараторы,palets-otdeleniia-separator-vala-teflonovogo-komplekt-5-sht-erus-dlia-ricoh-aficio-1015-1018-2015-2018-mp1600-1800-2500-2000-ae044040-ae044062ae044040-erus,221.2,1,1
2130,CATEGORY_ID,Сепаратор отделения тефлонового вала комплект Erus Sharp  ARM236/237/276/277/ARM256L/316L/M258/318/AR235/ARM350/ARM450/ARM351U/ARM451U/ARM550/620/700 Upper Picker Finger PTME0282FCZZ (комплект 4 шт.),PTME0282FCZZ-Erus,ERUS,Сепараторы,separator-otdeleniia-teflonovogo-vala-komplekt-erus-sharp-arm236-237-276-277-arm256l-316l-m258-318-ar235-arm350-arm450-arm351u-arm451u-arm550-620-700-upper-picker-finger-ptme0282fczz-komplekt-4-sht-ptme0282fczz-erus,289.8,1,1
2343,CATEGORY_ID,Картридж G&G для HP LJ 1010/ 1012/ 1015/ 1018/ 1020/ 1022/ 3015/ 3020/ 3030/ 3050/ 3052/ 3055/ M1005/ M1319F/ Canon MF 4010/ 4012/ 4120/ 4122/ 4150/ 4680/ FAX L100/ L120/ L140/ L160/ Black/ 2K/ Q2612A/ FX9/ FX10,G&G-Q2612A,G&G,Картриджи,kartridzh-g-g-dlia-hp-lj-1010-1012-1015-1018-1020-1022-3015-3020-3030-3050-3052-3055-m1005-m1319f-canon-mf-4010-4012-4120-4122-4150-4680-fax-l100-l120-l140-l160-black-2k-q2612a-fx9-fx10g-g-q2612a,787.5,1,1
2597,CATEGORY_ID,Тонер в мешках HANP HP 1160/1320/P2014/P2015/P2035/P2055/P2400/P3005/2100/4000/HP4300/HP5000, TB-H02 (мешок 10кг)  SUPER High Quality для скоростных принтеров,THP2400UNIVERSAL-2,HANP,Тонер в мешках,toner-v-meshkakh-hanp-hp-1160-1320-p2014-p2015-p2035-p2055-p2400-p3005-2100-4000-hp4300-hp5000-tb-h02-meshok-10kg-super-high-quality-dlia-skorostnykh-printerovthp2400universal-2,2100.0,1,1
2601,CATEGORY_ID,Тонер в мешках HANP SAMSUNG ML1610/ 1630/ 1660/ 1710/ 1910/ 1210/ 2850/ 3050/ 3470/3560/ 4550/ ML3310  Xerox Pe16/ Pe114/ Phaser 3120/ 3210/ 3220/ мешок 10 kg/ TML2250UNIVERSAL,TML2250UNIVERSAL-2,HANP,Тонер в мешках,toner-v-meshkakh-hanp-samsung-ml1610-1630-1660-1710-1910-1210-2850-3050-3470-3560-4550-ml3310-xerox-pe16-pe114-phaser-3120-3210-3220-meshok-10-kg-tml2250universaltml2250universal-2,4200.0,1,1
2604,CATEGORY_ID,Тонер HANP Brother  HL-1240/ 1230/ 1250/ 1270/ 1440/ 1470/ 1030/ P2500/ HL-1110/ 1111/ 1112 / 1118/ 2132/ L2340/ 2360/ 2365/ DCP -1521/ 7057, TN430/ 460/ 1075/ 2310/ 2320/ 6300/ 6600, 200г/банка (CYBEN®),THL1240-1,HANP,Тонеры,toner-hanp-brother-hl-1240-1230-1250-1270-1440-1470-1030-p2500-hl-1110-1111-1112-1118-2132-l2340-2360-2365-dcp-1521-7057-tn430-460-1075-2310-2320-6300-6600-200g-banka-cyben-r-thl1240-1,232.05,1,1
2620,CATEGORY_ID,Тонер HANP HP P 4014/ 4015/ 4515/ ENTERPRISE M 601/ 602/ 603/ 4555 (450 гр) NEWспециальная формула для высокоскоростных принтеров!!! Packed in Ukraine!,THPP4515-450,HANP,Тонеры,toner-hanp-hp-p-4014-4015-4515-enterprise-m-601-602-603-4555-450-gr-newspetsialnaia-formula-dlia-vysokoskorostnykh-printerov-packed-in-ukraine-thpp4515-450,189.0,1,1
2637,CATEGORY_ID,Тонер HANP OKI COLOR C 3100/ 3300/ 3400/ 5500/ 5100/ 5600/ 5650/ 5700/ 5750/ 5800/ 5850/ 5900/ 5950/ 7100/ 7200/ 7300/ 7400/ 7500/ 8600/ 8800/ 9300 / C310/ 510/ 530/ C710/ 711/ C810/ 830/  MC361/ 362/ 561/  Cyan / 140 g / TOKIC510C,TOKIC510C-1,HANP,Тонеры,toner-hanp-oki-color-c-3100-3300-3400-5500-5100-5600-5650-5700-5750-5800-5850-5900-5950-7100-7200-7300-7400-7500-8600-8800-9300-c310-510-530-c710-711-c810-830-mc361-362-561-cyan-140-g-tokic510ctokic510c-1,425.25,1,1
2638,CATEGORY_ID,Тонер HANP OKI COLOR C 3100/ 3300/3400/5100/5500/5600/5650/5700/5750/5800/5850/5900/5950/7100/7200/7300/7400/7500/8600/8800/9300  C310/510/530/C710/711/C810/830 MC361/362/561  Yellow  (140g bottle),TOKIC510Y-1,HANP,Тонеры,toner-hanp-oki-color-c-3100-3300-3400-5100-5500-5600-5650-5700-5750-5800-5850-5900-5950-7100-7200-7300-7400-7500-8600-8800-9300-c310-510-530-c710-711-c810-830-mc361-362-561-yellow-140g-bottle-tokic510y-1,425.25,1,1
2639,CATEGORY_ID,Тонер HANP OKI COLOR C 3100/ 3300/3400/5100/5500/5600/5650/5700/5750/5800/5850/5900/5950/7100/7200/7300/7400/7500/8600/8800/9300  C310/510/530/C710/711/C810/830 MC361/362/561 Magenta  (140g bottle),TOKIC510M-1,HANP,Тонеры,toner-hanp-oki-color-c-3100-3300-3400-5100-5500-5600-5650-5700-5750-5800-5850-5900-5950-7100-7200-7300-7400-7500-8600-8800-9300-c310-510-530-c710-711-c810-830-mc361-362-561-magenta-140g-bottle-tokic510m-1,425.25,1,1
2640,CATEGORY_ID,Тонер HANP OKI COLOR C 3100/ 3300/3400/5100/5500/5600/5650/5700/5750/5800/5850/5900/5950/7100/7200/7300/7400/7500/8600/8800/9300 C310/510/530/C710/711/C810/830 MC361/362/561  Black (140 g bottle),TOKIC510B-1,HANP,Тонеры,toner-hanp-oki-color-c-3100-3300-3400-5100-5500-5600-5650-5700-5750-5800-5850-5900-5950-7100-7200-7300-7400-7500-8600-8800-9300-c310-510-530-c710-711-c810-830-mc361-362-561-black-140-g-bottle-tokic510b-1,473.9,1,1
2655,CATEGORY_ID,Тонер HANP Samsung ML1710/ 1750/ 1510/ 1520/ 1610/ 1630/ 1660/ 1910/2150/2250/2550/3050/4550/1210/ SCX4100/ 4200/ 5530/ 6330/ Xerox Pe16/ Pe114/ Phaser 3110/ 3120/ 3210/ 3220/ 80 g/ Packed in UA,UTML2250-80,HANP,Тонеры,toner-hanp-samsung-ml1710-1750-1510-1520-1610-1630-1660-1910-2150-2250-2550-3050-4550-1210-scx4100-4200-5530-6330-xerox-pe16-pe114-phaser-3110-3120-3210-3220-80-g-packed-in-uautml2250-80,47.25,1,1
2656,CATEGORY_ID,Тонер HANP Samsung ML1710/ 1750/ 1510/ 1520/ 1610/ 1630/ 1660/ 1910/2150/2250/2550/3050/4550/1210/ SCX4100/ 4200/ 5530/ 6330/ Xerox Pe16/ Pe114/ Phaser 3110/3120/3210/3220/ 1 000 гр/ Packed in Ukraine!,UTML2250-1,HANP,Тонеры,toner-hanp-samsung-ml1710-1750-1510-1520-1610-1630-1660-1910-2150-2250-2550-3050-4550-1210-scx4100-4200-5530-6330-xerox-pe16-pe114-phaser-3110-3120-3210-3220-1-000-gr-packed-in-ukraine-utml2250-1,465.5,1,1
2657,CATEGORY_ID,Тонер HANP Samsung ML1710/1750/1510/1520/1610/1630/1660/1910/2150/2250/2550/3050/4550/1210/SCX4100/4200/5530/6330/Xerox Pe16/Pe114/Phaser 3110/3120/3210/3220 (банка 160г) (10шт в коробке) Packed in Ukraine!,UTML2250-160,HANP,Тонеры,toner-hanp-samsung-ml1710-1750-1510-1520-1610-1630-1660-1910-2150-2250-2550-3050-4550-1210-scx4100-4200-5530-6330-xerox-pe16-pe114-phaser-3110-3120-3210-3220-banka-160g-10sht-v-korobke-packed-in-ukraine-utml2250-160,89.25,1,1
2713,CATEGORY_ID,Фотобарабан HANP для BROTHER HL-1110/ 1111/ 1112/ 1118/ MFC-1810/ 1811/ 1813/ 1815/ 1818/DCP-1510/ 1511/ 1512/ 1518/ DR1000/ 1010/ 1020/ 1030/ 1035/ 1040/ 1050/ 1060/ 1070/ 1075/ DMDR1035G,DMDR1035G,HANP,Фотобарабаны,fotobaraban-hanp-dlia-brother-hl-1110-1111-1112-1118-mfc-1810-1811-1813-1815-1818-dcp-1510-1511-1512-1518-dr1000-1010-1020-1030-1035-1040-1050-1060-1070-1075-dmdr1035gdmdr1035g,343.0,1,1
2714,CATEGORY_ID,Фотобарабан HANP для BROTHER HL-2040/ 2070N/ 2140/ 2170/ TN350/ TN2000/ DR360/ MFC-7220/ 7225N/ 7420/7820N/ Xerox 203A/ 204A/ IntelliFax 2820/ 2920 / DR350/ DR2000/ DR2075/ ODR2000G1/ DMDR2000G-2,ODR2000G1/DMDR2000G-2,HANP,Фотобарабаны,fotobaraban-hanp-dlia-brother-hl-2040-2070n-2140-2170-tn350-tn2000-dr360-mfc-7220-7225n-7420-7820n-xerox-203a-204a-intellifax-2820-2920-dr350-dr2000-dr2075-odr2000g1-dmdr2000g-2odr2000g1-dmdr2000g-2,308.0,1,1
2741,CATEGORY_ID,Фотобарабан HANP для HP 1000/ 1150/ 1200/ 1300/ 3300/ Canon LBP3000/LBP3200/MF3110/MF3228/MF3240/MF5650/MF5730/MF5750/MF5770/FX8/EP25/EP26/EP27(новая разработка) 100шт в коробке,OHP1200G-3/DMHP1200PG-3,HANP,Фотобарабаны,fotobaraban-hanp-dlia-hp-1000-1150-1200-1300-3300-canon-lbp3000-lbp3200-mf3110-mf3228-mf3240-mf5650-mf5730-mf5750-mf5770-fx8-ep25-ep26-ep27-novaia-razrabotka-100sht-v-korobkeohp1200g-3-dmhp1200pg-3,75.95,1,1
2803,CATEGORY_ID,Фотобарабан HANP для RICOH Aficio 1015/ 1018/ 1022/ 1027  MP1500 /1600/ 1800/ 1900/ 2000/ 2352/ 2500 /2 510/ 2550   Dsm615/ 616/ 618 / 620/ 622/ 625/ 715/ 716/ 721/ 725/ 7 30/ Type 2220D/ DMU21/ B0399510/ DMAF270G,DMAF270G,HANP,Фотобарабаны,fotobaraban-hanp-dlia-ricoh-aficio-1015-1018-1022-1027-mp1500-1600-1800-1900-2000-2352-2500-2-510-2550-dsm615-616-618-620-622-625-715-716-721-725-7-30-type-2220d-dmu21-b0399510-dmaf270gdmaf270g,401.8,1,1
3115,CATEGORY_ID,Картридж HP струйный, №140 для HP DJ 4283/DJ F4283/DJ F4583/OJ 5783/OJ 6413/OJ J5783/OJ J6413/PSM 4383/PSM 4483/PSM 4583/PSM 5283/PSM 5363/PSM C4283/PSM C4483/PSM C4583/PSM C5283 black,CB335HE,HP,Картриджи,kartridzh-hp-struinyi-no-140-dlia-hp-dj-4283-dj-f4283-dj-f4583-oj-5783-oj-6413-oj-j5783-oj-j6413-psm-4383-psm-4483-psm-4583-psm-5283-psm-5363-psm-c4283-psm-c4483-psm-c4583-psm-c5283-blackcb335he,579.25,1,1
3116,CATEGORY_ID,Картридж HP струйный, №141 для HP DJ 4283/DJ F4283/DJ F4583/OJ 5783/OJ 6413/OJ J5783/OJ J6413/PSM 4383/PSM 4483/PSM 4583/PSM 5283/PSM 5363/PSM C4283/PSM C4483/PSM C4583/PSM C5283 color,CB337HE,HP,Картриджи,kartridzh-hp-struinyi-no-141-dlia-hp-dj-4283-dj-f4283-dj-f4583-oj-5783-oj-6413-oj-j5783-oj-j6413-psm-4383-psm-4483-psm-4583-psm-5283-psm-5363-psm-c4283-psm-c4483-psm-c4583-psm-c5283-colorcb337he,945.0,1,1
3287,CATEGORY_ID,"Тонер IPM Samsung ML 1210/1710 Best compatible SCX-4521/4725/4828/ ML-2850/1610/2010/2570/2510/2525/1915/1910/2580/SCX-4600 (Xerox WC3210/3220/Phaser 3200/3140/3155/3160/3300) Universal ALL models ""STAR SERIES"", (мешок 10 кг)",TDSSTAR,IPM,Тонер в мешках,toner-ipm-samsung-ml-1210-1710-best-compatible-scx-4521-4725-4828-ml-2850-1610-2010-2570-2510-2525-1915-1910-2580-scx-4600-xerox-wc3210-3220-phaser-3200-3140-3155-3160-3300-universal-all-models-star-series-meshok-10-kg-tdsstar,4445.0,1,1
3512,CATEGORY_ID,Тонер IPM Ricoh AFICIO MP 7500/ 7001/ 7000/ 8000/ 8001/ 9001/ 9100/ 6110D/ 6210D/ SP 9100 +1050 +1060 series -NEW Formula 1075/2051/2060/2075 , Gestetner DSM 651/660/675 (Type 6110D/6210D) (DT50BLK, 550g/Bottle),TSR08R,IPM,Тонеры,toner-ipm-ricoh-aficio-mp-7500-7001-7000-8000-8001-9001-9100-6110d-6210d-sp-9100-1050-1060-series-new-formula-1075-2051-2060-2075-gestetner-dsm-651-660-675-type-6110d-6210d-dt50blk-550g-bottle-tsr08r,315.0,1,1
3531,CATEGORY_ID,Тонер IPM Samsung ML 1210/ 1710/ SCX-4521/ 4725/ 4828/ ML-2850/ 1610/ 2010/ 2570/ 2510/ 2525/ 1915/ 1910/ 2580/ SCX-4600/ Xerox WC3210/ 3220/ Phaser 3200/ 3140/ 3155/ 3160/ 3300/ 80 g/ bottle/ Packed in Ukraine,UTDSSTAR-80,IPM,Тонеры,toner-ipm-samsung-ml-1210-1710-scx-4521-4725-4828-ml-2850-1610-2010-2570-2510-2525-1915-1910-2580-scx-4600-xerox-wc3210-3220-phaser-3200-3140-3155-3160-3300-80-g-bottle-packed-in-ukraineutdsstar-80,43.75,1,1
3532,CATEGORY_ID,"Тонер IPM Samsung ML 1210/1710 Best compatible SCX-4521/4725/4828/ ML-2850/1610/2010/2570/2510/2525/1915/1910/2580/SCX-4600 (Xerox WC3210/3220/Phaser 3200/3140/3155/3160/3300) Universal ALL models ""STAR SERIES"", (160g/bottle) Packed in Ukraine!!!",UTDSSTAR-160,IPM,Тонеры,toner-ipm-samsung-ml-1210-1710-best-compatible-scx-4521-4725-4828-ml-2850-1610-2010-2570-2510-2525-1915-1910-2580-scx-4600-xerox-wc3210-3220-phaser-3200-3140-3155-3160-3300-universal-all-models-star-series-160g-bottle-packed-in-ukraine-utdsstar-160,77.0,1,1
3533,CATEGORY_ID,"Тонер IPM Samsung ML 1210/1710 Best compatible SCX-4521/4725/4828/ ML-2850/1610/2010/2570/2510/2525/1915/1910/2580/SCX-4600 (Xerox WC3210/3220/Phaser 3200/3140/3155/3160/3300) Universal ALL models ""STAR SERIES"", (фл. 600)",TSSTAR,IPM,Тонеры,toner-ipm-samsung-ml-1210-1710-best-compatible-scx-4521-4725-4828-ml-2850-1610-2010-2570-2510-2525-1915-1910-2580-scx-4600-xerox-wc3210-3220-phaser-3200-3140-3155-3160-3300-universal-all-models-star-series-fl-600-tsstar,278.25,1,1
3611,CATEGORY_ID,Тонер IPM для BROTHER универсальный  все модели включая HL-1110/ 500 g/ Внимание TN100/ TN1200/ TN1700 / НЕ поддерживаются  используют  другую формулу тонера/ TSBSTAR,TSBSTAR,IPM,Тонеры,toner-ipm-dlia-brother-universalnyi-vse-modeli-vkliuchaia-hl-1110-500-g-vnimanie-tn100-tn1200-tn1700-ne-podderzhivaiutsia-ispolzuiut-druguiu-formulu-tonera-tsbstartsbstar,294.0,1,1
4062,CATEGORY_ID,Подшипник тефлонового вала KATUN RICOH Aficio 1035/1045/ 2035/2045/ 3035/ MP4000/5000/ Bizhub 420/500/Bizhub C250/252/Di250/750/ARM350/450 AE030047, NBRGY0646FCZZ, XG9-0443,36506,KATUN,Подшипники,podshipnik-teflonovogo-vala-katun-ricoh-aficio-1035-1045-2035-2045-3035-mp4000-5000-bizhub-420-500-bizhub-c250-252-di250-750-arm350-450-ae030047-nbrgy0646fczz-xg9-044336506,210.7,1,1
4414,CATEGORY_ID,Фотобарабан KATUN RICOH Aficio 1015 / 1018 /1022/1113 / 2014 / 2015 / 2018, MP1500 / 1600 / 1900 / 2000 / 2001 / 2501/ 2510 / 2352 / 2852 / 3352/  Gestetner 1312 / 1502 / 1802 / DSm 615 / 618 / 620 / 725 / 730 / B0399510 Perfomance,48320/ 21670,KATUN,Фотобарабаны,fotobaraban-katun-ricoh-aficio-1015-1018-1022-1113-2014-2015-2018-mp1500-1600-1900-2000-2001-2501-2510-2352-2852-3352-gestetner-1312-1502-1802-dsm-615-618-620-725-730-b0399510-perfomance48320-21670,948.5,1,1
4443,CATEGORY_ID,Фотобарабан KATUN для RICOH AFICIO 1050/AFICIO 1055/AFICIO 1060/AFICIO 1075/AFICIO 1085/AFICIO 1105/AFICIO 2051/AFICIO 2060/AFICIO 2075/AFICIO 2090/AFICIO 2105/AFICIO 550/AFICIO 551/AFICIO 551 P/AFICIO 650/AFICIO 700/AFICIO 700 P/AFICIO 850 Performance,26432,KATUN,Фотобарабаны,fotobaraban-katun-dlia-ricoh-aficio-1050-aficio-1055-aficio-1060-aficio-1075-aficio-1085-aficio-1105-aficio-2051-aficio-2060-aficio-2075-aficio-2090-aficio-2105-aficio-550-aficio-551-aficio-551-p-aficio-650-aficio-700-aficio-700-p-aficio-850-performance26432,2640.05,1,1
4444,CATEGORY_ID,Фотобарабан KATUN для RICOH AFICIO 1050/AFICIO 1055/AFICIO 1060/AFICIO 1085/AFICIO 1105/AFICIO 2051/AFICIO 2060/AFICIO 2075/AFICIO 2090/AFICIO 550/AFICIO 551/AFICIO 551 P/AFICIO 650/AFICIO 700/AFICIO 700 P/AFICIO 850 / Gestetner DSM 651/660/675 Access,33103,KATUN,Фотобарабаны,fotobaraban-katun-dlia-ricoh-aficio-1050-aficio-1055-aficio-1060-aficio-1085-aficio-1105-aficio-2051-aficio-2060-aficio-2075-aficio-2090-aficio-550-aficio-551-aficio-551-p-aficio-650-aficio-700-aficio-700-p-aficio-850-gestetner-dsm-651-660-675-access33103,4375.0,1,1
4511,CATEGORY_ID,Термопленка LITHUANIA BROTHER HL 5440/ 5445/ 5450/ 5452/ 5470/ 5472/ 6180/ 6182/ DCP 8110/ 8112/ 8150/ 8152/ 8155/ 8157/ 8250/ MFC 8510/ 8512/ 8515/ 8520/ 8710/ 8712/ 8810/ 8910/ 8912/ 8950/ 8952 (Metal sleeve),Fuser-film-064,LITHUANIA,Термопленки,termoplenka-lithuania-brother-hl-5440-5445-5450-5452-5470-5472-6180-6182-dcp-8110-8112-8150-8152-8155-8157-8250-mfc-8510-8512-8515-8520-8710-8712-8810-8910-8912-8950-8952-metal-sleeve-fuser-film-064,1435.0,1,1
4531,CATEGORY_ID,Термопленка LITHUANIA HP CLJ 1600/ 2600/ 2605/ CP1025/ CP1525/ CP2025/ M275/ CM1015/ CM1017/ CLJ TopShot M275/ LJ PRO 100 Color MFP M175/ M176/ M177/ Canon LBP 7018/ 7010/ LBP-5000,Fuser-film-005,LITHUANIA,Термопленки,termoplenka-lithuania-hp-clj-1600-2600-2605-cp1025-cp1525-cp2025-m275-cm1015-cm1017-clj-topshot-m275-lj-pro-100-color-mfp-m175-m176-m177-canon-lbp-7018-7010-lbp-5000fuser-film-005,892.5,1,1
4572,CATEGORY_ID,Монитор температуры воды ND Светодиодный дисплей 360/ Размер гайки: 1/2 дюйма/ НЕ требует батареек и инструмента для установки/ пластик,ND 101/ ABS,NADO,Аксессуары,monitor-temperatury-vody-nd-svetodiodnyi-displei-360-razmer-gaiki-1-2-diuima-ne-trebuet-batareek-i-instrumenta-dlia-ustanovki-plastiknd-101-abs,840.0,1,1
4632,CATEGORY_ID,Втулка вала очистки L+ R ND для KYOSERA FS1028/ FS1128/ FS1350/ FS2000/ FS2020/ FS3900/ FS3920/ FS4000/ FS4020/ KM2810/ KM2820/ комплект с пружиной / 302FB20170/ 302H425121,ND 302H425121/ 2FB20170 L+ R,NADO,Втулки,vtulka-vala-ochistki-l-r-nd-dlia-kyosera-fs1028-fs1128-fs1350-fs2000-fs2020-fs3900-fs3920-fs4000-fs4020-km2810-km2820-komplekt-s-pruzhinoi-302fb20170-302h425121nd-302h425121-2fb20170-l-r,101.5,1,1
4636,CATEGORY_ID,Втулка вала резинового L+ R ND для CANON iR2520/ 2525/ 2530/ 2535/ 2545/ iR1730i/ 1740i/ 1750i/ iR-ADV-4025i/ 4051i/ 4045i/ 4035i/ iR-ADV-4225i/ 4251i/4245i/ 4235i/ FC9-0717,ND FC9-0717 L + R,NADO,Втулки,vtulka-vala-rezinovogo-l-r-nd-dlia-canon-ir2520-2525-2530-2535-2545-ir1730i-1740i-1750i-ir-adv-4025i-4051i-4045i-4035i-ir-adv-4225i-4251i-4245i-4235i-fc9-0717nd-fc9-0717-l-r,185.5,1,1
4658,CATEGORY_ID,Втулка вала резинового L+ R с пружиной ND для SAMSUNG ML 1510/ 1710/ 1640/ 2015/ 2150/ 2550/ 3050/ 7300/ SCX-4016/ 4200/ 4520/ JC66-10901A/ 013N13843/ BSH-ML1710-LR,ND JC66-10901A/ L+ R,NADO,Втулки,vtulka-vala-rezinovogo-l-r-s-pruzhinoi-nd-dlia-samsung-ml-1510-1710-1640-2015-2150-2550-3050-7300-scx-4016-4200-4520-jc66-10901a-013n13843-bsh-ml1710-lrnd-jc66-10901a-l-r,98.0,1,1
4659,CATEGORY_ID,Втулка вала тефлонового L+  R ND для SAMSUNG ML 1710/ 1750/ 1510/ 1610/ 1615/ 2015/ SCX-4016/ 4116/ 4200/ 4216/ XEROX Phaser 3130/ 3120/ 3121/ 3115/ Pe16/ JC61-00589A/ JC61-00590A/ BSH-ML1710-UR/ 016N00282,ND JC61-00589A/ JC61-00590A L+ R,NADO,Втулки,vtulka-vala-teflonovogo-l-r-nd-dlia-samsung-ml-1710-1750-1510-1610-1615-2015-scx-4016-4116-4200-4216-xerox-phaser-3130-3120-3121-3115-pe16-jc61-00589a-jc61-00590a-bsh-ml1710-ur-016n00282nd-jc61-00589a-jc61-00590a-l-r,42.0,1,1
4666,CATEGORY_ID,Втулка вала тефлонового L+ R ND для KYOCERA FS1320/ FS1370/ FS1350/ M2535/ FS1800/ FS1800/ FS1900/ FS3800/ FS3900/ FS4000/ FS6020/ комплект/ 2H425150/ 2BR20180/ 5MVX441XN001/ 302LZ25010,ND 2H425150/ 2BR20180 L+R,NADO,Втулки,vtulka-vala-teflonovogo-l-r-nd-dlia-kyocera-fs1320-fs1370-fs1350-m2535-fs1800-fs1800-fs1900-fs3800-fs3900-fs4000-fs6020-komplekt-2h425150-2br20180-5mvx441xn001-302lz25010nd-2h425150-2br20180-l-r,85.75,1,1
4676,CATEGORY_ID,Втулка вала тефлонового L+ R ND для SHARP AL1000/ 1200/ AR162/ 163/ 164/ AR160/ 161/ AR200/ 201/ 205/ 206/ 207/ AR-3818/ КОМПЛЕКТ/ NBRGP0567FCZZ/ LBSHZ0001QSZZ,ND NBRGP0567FCZZ L+R,NADO,Втулки,vtulka-vala-teflonovogo-l-r-nd-dlia-sharp-al1000-1200-ar162-163-164-ar160-161-ar200-201-205-206-207-ar-3818-komplekt-nbrgp0567fczz-lbshz0001qszznd-nbrgp0567fczz-l-r,115.5,1,1
4679,CATEGORY_ID,Втулка узла закрепления L+ R ND для KYOSERA ECOSYS P2235DN/ P2235DW/ P2040DN/ P2040DW/ M2040/ P2235/ P2040/ M2135//M2640/ 302RV93063/ 302RV93060/ 2RV93060/ FK-1150/ 1152,ND FK-1150/ 1152 L+ R,NADO,Втулки,vtulka-uzla-zakrepleniia-l-r-nd-dlia-kyosera-ecosys-p2235dn-p2235dw-p2040dn-p2040dw-m2040-p2235-p2040-m2135-m2640-302rv93063-302rv93060-2rv93060-fk-1150-1152nd-fk-1150-1152-l-r,315.0,1,1
4684,CATEGORY_ID,Флажок датчика выхода бумаги ND для SAMSUNG ML1915/ ML2525/ ML2540/ SCX-4725/ SCX4725/ SCX-4726/ SCX4726/ XEROX Phaser 3200MFP/ 3200/ JC66-01304A/ пружинка,ND JC66-01304A,NADO,Датчики,flazhok-datchika-vykhoda-bumagi-nd-dlia-samsung-ml1915-ml2525-ml2540-scx-4725-scx4725-scx-4726-scx4726-xerox-phaser-3200mfp-3200-jc66-01304a-pruzhinkand-jc66-01304a,133.0,1,1
4691,CATEGORY_ID,Флажок датчика регистрации бумаги ND для XEROX WCP423/ M118/ B6100/ B930/ DC250/ 252/ Ph6180/ 3010/ 3040/ WC304/ 930W00123 / 930W00113 / 130E81970 / 930W00103,ND 930W00123,NADO,Датчики,flazhok-datchika-registratsii-bumagi-nd-dlia-xerox-wcp423-m118-b6100-b930-dc250-252-ph6180-3010-3040-wc304-930w00123-930w00113-130e81970-930w00103nd-930w00123,115.5,1,1
4800,CATEGORY_ID,Подшипник блока проявки ND для Ricoh 1060/ 1075/ 2060/ 2075/ 2060SP/ 2075SP/ 2051/ 2051SP/ MP 5500/ 6500/ 7500/ 5500SP/ 6500SP/ 7500SP/ MP 9000/ 1100/ 1350/ B0653069/ B065-3069,ND B065-3069,NADO,Подшипники,podshipnik-bloka-proiavki-nd-dlia-ricoh-1060-1075-2060-2075-2060sp-2075sp-2051-2051sp-mp-5500-6500-7500-5500sp-6500sp-7500sp-mp-9000-1100-1350-b0653069-b065-3069nd-b065-3069,133.0,1,1
4802,CATEGORY_ID,Подшипник вала резинового ND для KYOCERA FS-9100DN/ 9500DN/ KM-1525/ 1530/ 2030/ 2530/ 3530/ 4030/ 4530/ 5530/ 7BE008165J42H01 / 2C920330 / 302HN25460 / 35920130 / BE12275,ND 2C920330,NADO,Подшипники,podshipnik-vala-rezinovogo-nd-dlia-kyocera-fs-9100dn-9500dn-km-1525-1530-2030-2530-3530-4030-4530-5530-7be008165j42h01-2c920330-302hn25460-35920130-be12275nd-2c920330,133.0,1,1
4832,CATEGORY_ID,Резина ролика захвата бумаги ND для HP P3005/ M3027/ M3035/ P3015/ 1160/ 1320/ 3390/ 3392/ 2727/ 2014/ 2015/ LBP3300/ 3310/ 3360/ 3370/ RL1-1370/ RL1-3167/ RL1-0540/ RL1-0542,ND RL1-1370/ RL1-3167/ RUB,NADO,Ролики,rezina-rolika-zakhvata-bumagi-nd-dlia-hp-p3005-m3027-m3035-p3015-1160-1320-3390-3392-2727-2014-2015-lbp3300-3310-3360-3370-rl1-1370-rl1-3167-rl1-0540-rl1-0542nd-rl1-1370-rl1-3167-rub,31.5,1,1
4835,CATEGORY_ID,Резина ролика захвата бумаги ND для KYOCERA FS720/ FS820/ FS920/ FS1000/ FS1010/ FS1020/ FS1030/ FS1016/ FS1018/ FS1116/ FS1118/ KM1820/ KM1500/ 2A806010/ 5SNSP0015032,ND 5SNSP0015032 RUB,NADO,Ролики,rezina-rolika-zakhvata-bumagi-nd-dlia-kyocera-fs720-fs820-fs920-fs1000-fs1010-fs1020-fs1030-fs1016-fs1018-fs1116-fs1118-km1820-km1500-2a806010-5snsp0015032nd-5snsp0015032-rub,168.0,1,1
4838,CATEGORY_ID,Резина ролика захвата бумаги ND для MINOLTA Bizhub 250/ 350/ 420/ 500/ C250/ C252/ C350/ CF2203/ 8022/ C352/ C300/ C352P/ C450/ C351/ Di2510/ Di3010/ 4030300501/ 65JA40060/ KM451FRS/ 5HN70060,ND 4030300501 RUB,NADO,Ролики,rezina-rolika-zakhvata-bumagi-nd-dlia-minolta-bizhub-250-350-420-500-c250-c252-c350-cf2203-8022-c352-c300-c352p-c450-c351-di2510-di3010-4030300501-65ja40060-km451frs-5hn70060nd-4030300501-rub,77.0,1,1
4853,CATEGORY_ID,Резина ролика захвата бумаги ND для SAMSUNG SCX-6345/ 6545/ 6555/ WC-4150/ ML-5010/ 5015/ ML4510/ XEROX WC-4150/ 4250/ 4260/ Ph4600/ 4620/ 022N02232/ JC97-02259A/ JC73-00216A,ND  022N02232/ JC97-02259A/ RUB,NADO,Ролики,rezina-rolika-zakhvata-bumagi-nd-dlia-samsung-scx-6345-6545-6555-wc-4150-ml-5010-5015-ml4510-xerox-wc-4150-4250-4260-ph4600-4620-022n02232-jc97-02259a-jc73-00216and-022n02232-jc97-02259a-rub,84.0,1,1
4855,CATEGORY_ID,Резина ролика захвата бумаги ND для TOSHIBA E-Studio 168/ 208/ 258/ DP1600/ 2000/ 2500/ 230/ 280S/ 232/ 282/ 233/ 283/ 350/450/ 352/353/452/453/ 255/ 305/ 355/ 455/ 6LE77312000/ 41306719000,ND 6LE77312000/ 41306719000 RUB,NADO,Ролики,rezina-rolika-zakhvata-bumagi-nd-dlia-toshiba-e-studio-168-208-258-dp1600-2000-2500-230-280s-232-282-233-283-350-450-352-353-452-453-255-305-355-455-6le77312000-41306719000nd-6le77312000-41306719000-rub,49.0,1,1
4856,CATEGORY_ID,Резина ролика захвата бумаги ND для TOSHIBA E-Studio 168/ 208/258/ DP1600/ 2000/ 2500/ 230/ 280S/ 232/ 282/ 233/ 283/E-Studio 350/450/E-Studio 352/353/452/453/ 4401964410/ 6LE69833000,ND 6LE69833000 RUB,NADO,Ролики,rezina-rolika-zakhvata-bumagi-nd-dlia-toshiba-e-studio-168-208-258-dp1600-2000-2500-230-280s-232-282-233-283-e-studio-350-450-e-studio-352-353-452-453-4401964410-6le69833000nd-6le69833000-rub,84.0,1,1
4860,CATEGORY_ID,Резина ролика захвата подачи бумаги  2 шт ND для XEROX DADF CC123 / 128 / 133/ WC M123 / 128 / 133/ WC Pro123 / 128 / 133 / WC-5225 / 5230/ 604K20760/ комплект,ND 604K20760 RUB,NADO,Ролики,rezina-rolika-zakhvata-podachi-bumagi-2-sht-nd-dlia-xerox-dadf-cc123-128-133-wc-m123-128-133-wc-pro123-128-133-wc-5225-5230-604k20760-komplektnd-604k20760-rub,189.0,1,1
4861,CATEGORY_ID,Резина ролика захвата подачи бумаги ND для OKI B6250N/ B6200/ B6300/ B6500/ B710DN/ B710N/ XEROX 4500/ 4510/ 7100DN/ LM0731001/ 604K19890/ 604K11192/ 0QA604K11,ND 604K19890 RUB,NADO,Ролики,rezina-rolika-zakhvata-podachi-bumagi-nd-dlia-oki-b6250n-b6200-b6300-b6500-b710dn-b710n-xerox-4500-4510-7100dn-lm0731001-604k19890-604k11192-0qa604k11nd-604k19890-rub,35.0,1,1
4891,CATEGORY_ID,Резина роликов захвата бумаги ND для BROTHER HL 2030/ 2032/ 2035/ 2037/ 2040/ 2045/ 2070N/ 2075/ MFC7420/ 7820N/ DCP7010/ 7010L/ 7025/ LM4300001/ комплект,ND LM4300001 RUB,NADO,Ролики,rezina-rolikov-zakhvata-bumagi-nd-dlia-brother-hl-2030-2032-2035-2037-2040-2045-2070n-2075-mfc7420-7820n-dcp7010-7010l-7025-lm4300001-komplektnd-lm4300001-rub,84.0,1,1
4894,CATEGORY_ID,Ролик дистанционный КОМПЛЕКТ ND для MINOLTA Bizhub 184/ 164/ 185/ 195/ 215/ 235/ 7718/ 7719/ 7723/ 6180/ AD161/ AD181/ AD188/ AD199/ AD219/ AD239//250/ 350/ 223/ 283/ 363/ 423/ 7828/ 162/ 163/ 220/ Di2510/ Di3510 / A1UD-3717-00/ A1UD371700,ND A1UD-3717-00/ A1UD371700,NADO,Ролики,rolik-distantsionnyi-komplekt-nd-dlia-minolta-bizhub-184-164-185-195-215-235-7718-7719-7723-6180-ad161-ad181-ad188-ad199-ad219-ad239-250-350-223-283-363-423-7828-162-163-220-di2510-di3510-a1ud-3717-00-a1ud371700nd-a1ud-3717-00-a1ud371700,112.0,1,1
4926,CATEGORY_ID,Ролик захвата бумаги ND для XEROX 7500/ 7800/ 5325/ 5330/ 5335/ 7120/ 7125/ 7220/ 7225/ 7425/ 604K66430/ 22K74870/ 675K86570/ 675K67050/ 675K82242/ 675K82240/ 604K56080/ 109R00790,ND 604K66430/ 22K74870,NADO,Ролики,rolik-zakhvata-bumagi-nd-dlia-xerox-7500-7800-5325-5330-5335-7120-7125-7220-7225-7425-604k66430-22k74870-675k86570-675k67050-675k82242-675k82240-604k56080-109r00790nd-604k66430-22k74870,94.5,1,1
4930,CATEGORY_ID,Ролик захвата бумаги из кассеты ND для SAMSUNG SCX-4520 / SCX-4720 / SCX-4920/ ML-2250/ ML-2251/ ML-2252/ ML-2850/ 2851/ SCX-4828/ 4824/ SCX-4828FN/ JC97-01926A/  JC97-03062A,ND JC97-01926A/ JC97-03062A,NADO,Ролики,rolik-zakhvata-bumagi-iz-kassety-nd-dlia-samsung-scx-4520-scx-4720-scx-4920-ml-2250-ml-2251-ml-2252-ml-2850-2851-scx-4828-4824-scx-4828fn-jc97-01926a-jc97-03062and-jc97-01926a-jc97-03062a,66.5,1,1
4932,CATEGORY_ID,Ролик захвата бумаги из ручного лотка ND для CANON iR2016/ 2020/ 2020i/ iR2018/ 2022/ 2025/ 2030/ iR2202/ 2002/ iR2320/ 2318/ 2420/ 2422/ MF7170i/ FL2-3202-000,ND FL2-3202-000,NADO,Ролики,rolik-zakhvata-bumagi-iz-ruchnogo-lotka-nd-dlia-canon-ir2016-2020-2020i-ir2018-2022-2025-2030-ir2202-2002-ir2320-2318-2420-2422-mf7170i-fl2-3202-000nd-fl2-3202-000,297.5,1,1
4936,CATEGORY_ID,Ролик захвата из кассеты ND для BROTHER HL2130/ 2132/ 2220/ 2230/ 2240/ 2242/ 2250/ 2270/ DCP7055/ 7057/ 7060/ 7065/ 7070/ HL2280/ MFC7360/ 7362/ 7460/ 7470/ 7860/ LY2093001,ND LY2093001,NADO,Ролики,rolik-zakhvata-iz-kassety-nd-dlia-brother-hl2130-2132-2220-2230-2240-2242-2250-2270-dcp7055-7057-7060-7065-7070-hl2280-mfc7360-7362-7460-7470-7860-ly2093001nd-ly2093001,332.5,1,1
4938,CATEGORY_ID,Ролик захвата из кассеты ND для SAMSUNG ML-3050/ 3051/ 3470/ 3471/ SCX-5530/ 5330/ Phaser 3435/ 3635/ 3428/ 3420/ 3425/ 3450/ 3435/ 3300/ JC90-00932A/ JC97-02441A/ JC66-01168A/ 022N02413/ 022N02345/ 022N02292,ND JC90-00932A,NADO,Ролики,rolik-zakhvata-iz-kassety-nd-dlia-samsung-ml-3050-3051-3470-3471-scx-5530-5330-phaser-3435-3635-3428-3420-3425-3450-3435-3300-jc90-00932a-jc97-02441a-jc66-01168a-022n02413-022n02345-022n02292nd-jc90-00932a,98.0,1,1
4940,CATEGORY_ID,Ролик захвата подачи бумаги ND для XEROX 4500/ 4510/ 5335/ 7100/ 3610/ WC3615 / DP-255/ OKI B6250/ B6200/ B6300/  B6500/ B710D/ 19890/ 604K11192/ 604K78861/  LM0731001/ 604K19890,ND 604K11192,NADO,Ролики,rolik-zakhvata-podachi-bumagi-nd-dlia-xerox-4500-4510-5335-7100-3610-wc3615-dp-255-oki-b6250-b6200-b6300-b6500-b710d-19890-604k11192-604k78861-lm0731001-604k19890nd-604k11192,80.5,1,1
4968,CATEGORY_ID,Палец отделения/ сепаратор вала тефлонового 4 Ps ND для SAMSUNG ML1510/ 1610/ 1710/ SCX4521/ 4200/ JC61-00064A/ JC61-00584A/ JC61-00605A/ Комплект,ND JC61-00064A/ JC61-00584A 4 Ps,NADO,Сепараторы,palets-otdeleniia-separator-vala-teflonovogo-4-ps-nd-dlia-samsung-ml1510-1610-1710-scx4521-4200-jc61-00064a-jc61-00584a-jc61-00605a-komplektnd-jc61-00064a-jc61-00584a-4-ps,68.25,1,1
4969,CATEGORY_ID,Палец отделения/ сепаратор вала тефлонового 5 Ps ND для TOSHIBA E-Studio 181/ 163/ 166/ 167/ 207/ 237/ 206/ 165 / 6LE58405000/ 6LE58590000/ Комплект,ND 6LE58405000/ 6LE58590000/ 5 Ps,NADO,Сепараторы,palets-otdeleniia-separator-vala-teflonovogo-5-ps-nd-dlia-toshiba-e-studio-181-163-166-167-207-237-206-165-6le58405000-6le58590000-komplektnd-6le58405000-6le58590000-5-ps,196.0,1,1
4970,CATEGORY_ID,Палец отделения/ сепаратор вала тефлонового 5 шт комплект ND для MINOLTA Di152/ Di183/ Bizhub 162/ 163/ 180/ 210/ 220/ 164/ 184/ 7718/ Di1611/ Di1811/ Di2011/ 4021-5720-02,ND 4021-5720-02,NADO,Сепараторы,palets-otdeleniia-separator-vala-teflonovogo-5-sht-komplekt-nd-dlia-minolta-di152-di183-bizhub-162-163-180-210-220-164-184-7718-di1611-di1811-di2011-4021-5720-02nd-4021-5720-02,136.5,1,1
4971,CATEGORY_ID,Палец отделения/ сепаратор вала тефлонового ND для SAMSUNG ML1510/ 1610/ 1710/ SCX4521/ 4200/ JC61-00064A/ JC61-00584A/ JC61-00605A/ с пружинкой,ND JC61-00064A/ JC61-00584A,NADO,Сепараторы,palets-otdeleniia-separator-vala-teflonovogo-nd-dlia-samsung-ml1510-1610-1710-scx4521-4200-jc61-00064a-jc61-00584a-jc61-00605a-s-pruzhinkoind-jc61-00064a-jc61-00584a,33.25,1,1
4973,CATEGORY_ID,Палец отделения/ сепаратор вала тефлонового Комлект ND для RICOH Aficio 1015/ 1018/ 2015/ 2018/ MP1600/ 1800/ 2500/ 2000/ AE044062/ КОМПЛЕКТ 5 шт/ OEM,ND AE044062 5 Qty AE04-4062,NADO,Сепараторы,palets-otdeleniia-separator-vala-teflonovogo-komlekt-nd-dlia-ricoh-aficio-1015-1018-2015-2018-mp1600-1800-2500-2000-ae044062-komplekt-5-sht-oemnd-ae044062-5-qty-ae04-4062,238.0,1,1
5001,CATEGORY_ID,Термопленка ND для CANON IR3570/ 4570/ 3530/ 4530/ IiR 2016/ 2018/ 2020/ 2022/ 2025/ 2200/ 2270/ 2318/ 2320/ 2420/ 2422/ 2800/ 2870/ 3300 / FM2-3353/ FM2-1787/ F M3-3653/ FM2-1787,ND FM3-3653/ FM2-1787 Film,NADO,Термопленки,termoplenka-nd-dlia-canon-ir3570-4570-3530-4530-iir-2016-2018-2020-2022-2025-2200-2270-2318-2320-2420-2422-2800-2870-3300-fm2-3353-fm2-1787-f-m3-3653-fm2-1787nd-fm3-3653-fm2-1787-film,238.0,1,1
5008,CATEGORY_ID,Термопленка ND для HP 5200/ 5100/ 5000/ M5025/ 5035 / CANON GP160/ LP3000/ 3010/ Image CLASS 2200/ 2210/ 2220 / RG5-5453 / RG5-4968/ RG5-5457/ RG9-1431/ RG5-3530-000/ RG5-5455/ RM1-2524/ RG5-7061,ND RM2-2524/ RG5-7061,NADO,Термопленки,termoplenka-nd-dlia-hp-5200-5100-5000-m5025-5035-canon-gp160-lp3000-3010-image-class-2200-2210-2220-rg5-5453-rg5-4968-rg5-5457-rg9-1431-rg5-3530-000-rg5-5455-rm1-2524-rg5-7061nd-rm2-2524-rg5-7061,420.0,1,1
5047,CATEGORY_ID,Рама печки ND для TOSHIBA E-Studio  163/ 203/ 165/ 205/ 166/ 206/ 167/ 207/ 237/ 181/ 211/ 182/ 212/ 242/ 223/ 243/ 6LH24608000/ 6LH24601000/ 6LH24623000/ 6LE58460000 | 6LH90400000,ND 6LH24608000,NADO,Узлы закрепления,rama-pechki-nd-dlia-toshiba-e-studio-163-203-165-205-166-206-167-207-237-181-211-182-212-242-223-243-6lh24608000-6lh24601000-6lh24623000-6le58460000-6lh90400000nd-6lh24608000,1645.0,1,1
5088,CATEGORY_ID,Узел закрепления верхняя часть ND для HP LJ Professional M1536/ CP1525/ CANON MF4410 / 4430/ 4450/ 4550/ 4570/ 4580/ D550/ 520/ MF4730/ 4750/ 4890/ 4870/ 4780/ Fax-L418s/  RM1-7577-000CN/  220V,ND RM1-7577-000CN,NADO,Узлы закрепления,uzel-zakrepleniia-verkhniaia-chast-nd-dlia-hp-lj-professional-m1536-cp1525-canon-mf4410-4430-4450-4550-4570-4580-d550-520-mf4730-4750-4890-4870-4780-fax-l418s-rm1-7577-000cn-220vnd-rm1-7577-000cn,1225.0,1,1
5097,CATEGORY_ID,Муфта вала подачи бумаги ND для SAMSUNG SCX-4016/ 4116/ 4216F/ 4220/ 4200/ 4100/ ML-3050/ 3051/ 1510/ 1710/ 1750/ 1755/ XEROX Phaser 3130/ 3120/ 3119/ 3115/ 3121/ 3428/ WC-3119/ JC97-01788A,ND JC97-01788A,NADO,Шестерни,mufta-vala-podachi-bumagi-nd-dlia-samsung-scx-4016-4116-4216f-4220-4200-4100-ml-3050-3051-1510-1710-1750-1755-xerox-phaser-3130-3120-3119-3115-3121-3428-wc-3119-jc97-01788and-jc97-01788a,98.0,1,1
5103,CATEGORY_ID,Муфта ролика захвата ND для SAMSUNG ML-1510 / 1710 / 1750/ SCX-4100/ 4016/ 4216F/ Phaser 3130 / 3120 / 3121/ 3115/  JC81-01692A / JC72-00979A / JC72-01155A / 130N01377/ JC72-00980A,ND JC81-01692A/ JC72-00980A,NADO,Шестерни,mufta-rolika-zakhvata-nd-dlia-samsung-ml-1510-1710-1750-scx-4100-4016-4216f-phaser-3130-3120-3121-3115-jc81-01692a-jc72-00979a-jc72-01155a-130n01377-jc72-00980and-jc81-01692a-jc72-00980a,80.5,1,1
5121,CATEGORY_ID,Шестерни шнеков блока изображения 5 шт ND для RICOH Aficio 1015/ 1018/ 2015/ 2018/ 3025/ 3030/ MP1600/ MP2510/ MP3010/ B0393245/ B0393060/ B039-3062/ B039-3062/ B039-3060/ B039-3245,ND B0393245/  B0393062,NADO,Шестерни,shesterni-shnekov-bloka-izobrazheniia-5-sht-nd-dlia-ricoh-aficio-1015-1018-2015-2018-3025-3030-mp1600-mp2510-mp3010-b0393245-b0393060-b039-3062-b039-3062-b039-3060-b039-3245nd-b0393245-b0393062,136.5,1,1
5147,CATEGORY_ID,Шестерня привода передачи ND для KYOSERA FS 1040/ FS 1041/ FS 1060/  FS 1061/ FS 1025/ FS 1020/  FS 1120/ FS 1125/ FS 1220/ FS 1320/ FS 1325/ 302M214201/ 2m202380/ DLP DV1110,ND 302M214201/ 2m202380,NADO,Шестерни,shesternia-privoda-peredachi-nd-dlia-kyosera-fs-1040-fs-1041-fs-1060-fs-1061-fs-1025-fs-1020-fs-1120-fs-1125-fs-1220-fs-1320-fs-1325-302m214201-2m202380-dlp-dv1110nd-302m214201-2m202380,50.75,1,1
5156,CATEGORY_ID,Шестерня привода фотобарабана ND для SHARP AR150/ 151/ 155/ 156/ 160/ 162/ 163/ 200/ 205/  NGERH0008QSZ5/ NGERH0008QSZ4/ NGERH0008QSZ3 / NGERH0008QSZ1/ NGERH0008QSZZ/ 6LA58688200/ 55 T / 19 T,ND NGERH0008QSZ3/ 55/ 19 Tooth,NADO,Шестерни,shesternia-privoda-fotobarabana-nd-dlia-sharp-ar150-151-155-156-160-162-163-200-205-ngerh0008qsz5-ngerh0008qsz4-ngerh0008qsz3-ngerh0008qsz1-ngerh0008qszz-6la58688200-55-t-19-tnd-ngerh0008qsz3-55-19-tooth,119.0,1,1
5164,CATEGORY_ID,Шнек червячной передачи на оси мотора ND для CANON iR 2520/ 2525/ 2530/ 2535/ 2545/ iR ADV 4025/ 4051i/ 4045i/ 4035i/ iR ADV 4225i/ 4251i/ 4245i/ 4235i/ FC9-0612-000,ND FC9-0612-000,NADO,Шестерни,shnek-cherviachnoi-peredachi-na-osi-motora-nd-dlia-canon-ir-2520-2525-2530-2535-2545-ir-adv-4025-4051i-4045i-4035i-ir-adv-4225i-4251i-4245i-4235i-fc9-0612-000nd-fc9-0612-000,115.5,1,1
5181,CATEGORY_ID,Шестерня вала тефлонового ND для KYOCERA FS1028/ 1128/ 1350/ 2000/ 2020/ 3900/ 3920/ 4000/ 4020/ 1800/ 1900/ 3800/ 6020/ KM2810/ KM2820/ 36 T/ 2HS25260/ 302HS25260/ 2BR20200,ND 2BR20200 36 Toosh,NADO,Шестерни вала тефлонового,shesternia-vala-teflonovogo-nd-dlia-kyocera-fs1028-1128-1350-2000-2020-3900-3920-4000-4020-1800-1900-3800-6020-km2810-km2820-36-t-2hs25260-302hs25260-2br20200nd-2br20200-36-toosh,85.75,1,1
5276,CATEGORY_ID,Шлейф печатающей головки ND для EPSON r290/ r295/ r330/ r280/ R285/ L801/ L800/ L805/ L810/ L850/ T59/ T50/ P50/ A50/ RX585/ RX610/ 1466288/ F180040/ F180030/ F180010/ F180000,ND 1466288/ F180040,NADO,Шлейфы,shleif-pechataiushchei-golovki-nd-dlia-epson-r290-r295-r330-r280-r285-l801-l800-l805-l810-l850-t59-t50-p50-a50-rx585-rx610-1466288-f180040-f180030-f180010-f180000nd-1466288-f180040,210.0,1,1
5465,CATEGORY_ID,Картридж PrinterMayin для LJ P1005/ 1006/ 1102/ 1505/ M1120/ 1132/ 1212/ 1522/ Canon LBP-3010/ 3250/ 6000/ MF3010, аналог CB435A/ CB436A/ CE285A/ Canon 712/ Canon 713/ Canon 725  2К,PTCB435/CB436/CE285 Universal,PrinterMayin,Картриджи,kartridzh-printermayin-dlia-lj-p1005-1006-1102-1505-m1120-1132-1212-1522-canon-lbp-3010-3250-6000-mf3010-analog-cb435a-cb436a-ce285a-canon-712-canon-713-canon-725-2kptcb435-cb436-ce285-universal,338.45,1,1
5469,CATEGORY_ID,Картридж PrinterMayin для Samsung ML-1210/1220/1250/1430/1010/1020/4500/4600/SF-5100/515/530/531/535/LexmarkE210/ Xerox Phaser 3110/3210, ML-1210D3/ML-4500D3/SF-5100D3/10S0150/109R00639,PT1210D3,PrinterMayin,Картриджи,kartridzh-printermayin-dlia-samsung-ml-1210-1220-1250-1430-1010-1020-4500-4600-sf-5100-515-530-531-535-lexmarke210-xerox-phaser-3110-3210-ml-1210d3-ml-4500d3-sf-5100d3-10s0150-109r00639pt1210d3,722.75,1,1
5502,CATEGORY_ID,Тонер-картридж PRINTERMAYIN Konica Minolta Bizhub 162/ 163/ 180/ 181/ 210/ 211/ 7521/ 7621/ 7622/ Di 152/ 181/ 182/ 183/ 1611/ 1811/ 2011/ Minolta 7115/ 7118/ 7216/ 7218/ 7220 аналог 106B/ TN114 (PT106B),PT106B-TN114,PrinterMayin,Тонер-картридж,toner-kartridzh-printermayin-konica-minolta-bizhub-162-163-180-181-210-211-7521-7621-7622-di-152-181-182-183-1611-1811-2011-minolta-7115-7118-7216-7218-7220-analog-106b-tn114-pt106b-pt106b-tn114,436.1,1,1
5905,CATEGORY_ID,Переходное устройство Ricoh для финишера BU3070 (SR3170) MP3054/MP4054/MP2555/MP3055/MP3555/MP4055/MP5055/MPC3003/MPC3503/MPC4503/MPC4503/MPC5503/MPC6003//MPC3004,417587,RICOH,Доп.оборудование,perekhodnoe-ustroistvo-ricoh-dlia-finishera-bu3070-sr3170-mp3054-mp4054-mp2555-mp3055-mp3555-mp4055-mp5055-mpc3003-mpc3503-mpc4503-mpc4503-mpc5503-mpc6003-mpc3004417587,3045.0,1,1
6047,CATEGORY_ID,Зажим оси узла подачи тонера RICOH FT4022/4522/4027/4127/4527/ 5035/5135/5535/7950/7960/7970/ 5640/5740/5840/ Aficio 1060/1075/2060/2075/2060SP/2075SP/2051/2051SP/550/650/ MP 5500/6500/7500,B2473345,RICOH,Другое,zazhim-osi-uzla-podachi-tonera-ricoh-ft4022-4522-4027-4127-4527-5035-5135-5535-7950-7960-7970-5640-5740-5840-aficio-1060-1075-2060-2075-2060sp-2075sp-2051-2051sp-550-650-mp-5500-6500-7500b2473345,115.5,1,1
6267,CATEGORY_ID,Рычаг привода сепаратора Ricoh JP3000/DX2330/DX2430/DX3240/DX3340/DX3440/DX3243/DX3343/DX3443/DD4440/DD4450/DX4542/DX4545/Gestetner 5430/5428/6123/CP6244 OLD p/n C2384483,C2384493,RICOH,Другое,rychag-privoda-separatora-ricoh-jp3000-dx2330-dx2430-dx3240-dx3340-dx3440-dx3243-dx3343-dx3443-dd4440-dd4450-dx4542-dx4545-gestetner-5430-5428-6123-cp6244-old-p-n-c2384483c2384493,301.0,1,1
6519,CATEGORY_ID,RICOH Aficio MP2014d / копир/ GDI-принтер/ цветной сканер/ крышка/ дуплекс/стартовый тонер на 4К+ БЕСПЛАТНАЯ ДОСТАВКА И ЗАПУСК !!,417373,RICOH,МФУ/Принтеры,ricoh-aficio-mp2014d-kopir-gdi-printer-tsvetnoi-skaner-kryshka-dupleks-startovyi-toner-na-4k-besplatnaia-dostavka-i-zapusk-417373,15365.0,1,1
7756,CATEGORY_ID,Шестерня лезвия очистки Ricoh 1015/1018/1113/2015/2018/2016/2020/MP1500/MP1600/MP1900/MP2000/MP2001/MP2500/MP2501/MP2014/Gestetner 1502/1802/1312/DSm615/DSm618/DSm616/DSm620,B0392288,RICOH,Шестерни,shesternia-lezviia-ochistki-ricoh-1015-1018-1113-2015-2018-2016-2020-mp1500-mp1600-mp1900-mp2000-mp2001-mp2500-mp2501-mp2014-gestetner-1502-1802-1312-dsm615-dsm618-dsm616-dsm620b0392288,49.0,1,1
8219,CATEGORY_ID,Фотобарабан SGT для Brother HL-1030/ 1230/ 1240/ 1250/ 1270/ 1430/ 1440/ 1450/ 1470/ P2500/ Fax-4100/ 4750/ 5750/ 8350/ 8360/ 8750/ 8300/ 8500/ 8600/ 8650/ 9660/ MFC-9600/ 9750/ 9760/ 9850/ 9860/ 9870/  9880/ 9800/ DCP1200/ 1400 (OEM-like color),PAD-DR400,SGT,Фотобарабаны,fotobaraban-sgt-dlia-brother-hl-1030-1230-1240-1250-1270-1430-1440-1450-1470-p2500-fax-4100-4750-5750-8350-8360-8750-8300-8500-8600-8650-9660-mfc-9600-9750-9760-9850-9860-9870-9880-9800-dcp1200-1400-oem-like-color-pad-dr400,94.5,1,1
8229,CATEGORY_ID,Фотобарабан SGT для HP 1200/ 1150/ 1200/ 20/ 1300/ 3300/ 10/ 20/ 30/ 80 / C7115/ Q2613A/ X / Q2624A/ CANON FAX-L400/ LBP-1210/ PC-D320/ 340/ MF3110/ 3220/ 28/ 40/ 5530/ 50/ 5630/ 5730/ 50/ 70 / EP-25/ EP-27/ OEM-like color,DAD-1000,SGT,Фотобарабаны,fotobaraban-sgt-dlia-hp-1200-1150-1200-20-1300-3300-10-20-30-80-c7115-q2613a-x-q2624a-canon-fax-l400-lbp-1210-pc-d320-340-mf3110-3220-28-40-5530-50-5630-5730-50-70-ep-25-ep-27-oem-like-colordad-1000,32.9,1,1
8289,CATEGORY_ID,Втулка соединительная ролика захвата обходного лотка COUPL-SHAFT-FEED D для TOSHIBA E Studio St163/ 203/ 165/ 205/ 166/ 206/ 167/ 207/ 237/ 6LH21842000,6LH21842000,TOSHIBA,Втулки,vtulka-soedinitelnaia-rolika-zakhvata-obkhodnogo-lotka-coupl-shaft-feed-d-dlia-toshiba-e-studio-st163-203-165-205-166-206-167-207-237-6lh218420006lh21842000,297.5,1,1
8346,CATEGORY_ID,Уплотнитель шнека блока проявки SPACER-MIX для TOSHIBA E-Studio 163/ 203/ 165/ 205/ 166/ 206/ 167/ 207/ 237/ 181/ 211/ 182/ 212/ 242/ 200L/ 230/ 280/ 202/ 232/ 282/ 203/ 233/ 283/ 6LA81636000,6LA81636000,TOSHIBA,Другое,uplotnitel-shneka-bloka-proiavki-spacer-mix-dlia-toshiba-e-studio-163-203-165-205-166-206-167-207-237-181-211-182-212-242-200l-230-280-202-232-282-203-233-283-6la816360006la81636000,245.0,1,1
8376,CATEGORY_ID,Комплект обслуживания блока закрепления FR-KIT-4590 для TOSHIBA E-Studio 205L/ 255/ 305/ 355/ 455/ 206L/ 256SE/ 306SE/ 356SE/ 456SE/ 506SE/ 6LJ14058100/ 6LJ14083100,6LJ14058100/ 6LJ14083100,TOSHIBA,Комплекты обслуживания,komplekt-obsluzhivaniia-bloka-zakrepleniia-fr-kit-4590-dlia-toshiba-e-studio-205l-255-305-355-455-206l-256se-306se-356se-456se-506se-6lj14058100-6lj140831006lj14058100-6lj14083100,5888.4,1,1
8459,CATEGORY_ID,Пружина направляющей бумаги узла термозакрепления SPG-T-GUIDE-OPEN-2 для TOSHIBA E-Studio 163/ 203/ 165/ 205/ 166/ 206/ 167/ 207/ 237/ 6LE58886000,6LE58886000,TOSHIBA,Пружины,pruzhina-napravliaiushchei-bumagi-uzla-termozakrepleniia-spg-t-guide-open-2-dlia-toshiba-e-studio-163-203-165-205-166-206-167-207-237-6le588860006le58886000,288.75,1,1
8497,CATEGORY_ID,Ролик захвата бумаги ROLLER-PICK-N для TOSHIBA E-Studio 168/ 208/ 258/ DP1600/ 2000/ 2500/ 230/ 280S/ 232/ 282/ 233/ 283/ 350/450/ 352/353/452/453/ 255/ 305/ 355/ 455/ 6LE77312000,6LE77312000,TOSHIBA,Ролики,rolik-zakhvata-bumagi-roller-pick-n-dlia-toshiba-e-studio-168-208-258-dp1600-2000-2500-230-280s-232-282-233-283-350-450-352-353-452-453-255-305-355-455-6le773120006le77312000,315.0,1,1
8809,CATEGORY_ID,Вал резиновый VARTO для Brother HL-5440/5445/5450/5452/5470/5472/6180/6182 /MFC-8510/ 8512/ 8515/ 8520/ 8710/ 8712 / 8810/ 8910/ 8912/ 8950/ 8952/ DCP-8110/ 8112/ 8150/ 8152/ 8155/ 8157/ 8250,LPR-5440-VARTO,VARTO,Вал резиновый,val-rezinovyi-varto-dlia-brother-hl-5440-5445-5450-5452-5470-5472-6180-6182-mfc-8510-8512-8515-8520-8710-8712-8810-8910-8912-8950-8952-dcp-8110-8112-8150-8152-8155-8157-8250lpr-5440-varto,507.5,1,1
8822,CATEGORY_ID,Вал резиновый VARTO для HP LJ 1022/ 3050/ 3052/ 3055/ M1319/ MF4018/ 4010/ 4120/ 4150/ 4140/ 4270/ 4690/ 4660/ 4350/ 4320/ 4370/ 4380/ 4340/ 4330/ PC-D450/ 440/ RC1-5582/ RC1-5573/ RC1-5572,RC1-5582/ RC1-5573/ RC1-5572 VARTO,VARTO,Вал резиновый,val-rezinovyi-varto-dlia-hp-lj-1022-3050-3052-3055-m1319-mf4018-4010-4120-4150-4140-4270-4690-4660-4350-4320-4370-4380-4340-4330-pc-d450-440-rc1-5582-rc1-5573-rc1-5572rc1-5582-rc1-5573-rc1-5572-varto,224.0,1,1
8909,CATEGORY_ID,Втулка вала VARTO (комплект) для HP 1320/ 1160/ 3390/ 3392/ 2400/ 2410/ 2420/ 2430/ P3005/ M3027/ M3035/ P2015/ P2014/ M2727/ LBP-3300/ 3360/ 3370/3410/ 8330/ RC1-3665-000,RC1-3665 VARTO,VARTO,Втулки,vtulka-vala-varto-komplekt-dlia-hp-1320-1160-3390-3392-2400-2410-2420-2430-p3005-m3027-m3035-p2015-p2014-m2727-lbp-3300-3360-3370-3410-8330-rc1-3665-000rc1-3665-varto,77.0,1,1
8923,CATEGORY_ID,Втулка вала тефлонового VARTO для SAMSUNG ML 1710/ 1750/ 1510/ 1610/ 1615/ 2015/ SCX-4016/ 4100/ 4116/ 4200/ 4216/ XEROX Phaser 3130/ 3120/ 3121/ 3115/ Pe16/ JC61-00589A/ JC61-00590A/ BSH-ML1710-UR/ BSH-1510,BSH-1510 VARTO,VARTO,Втулки,vtulka-vala-teflonovogo-varto-dlia-samsung-ml-1710-1750-1510-1610-1615-2015-scx-4016-4100-4116-4200-4216-xerox-phaser-3130-3120-3121-3115-pe16-jc61-00589a-jc61-00590a-bsh-ml1710-ur-bsh-1510bsh-1510-varto,66.5,1,1
8998,CATEGORY_ID,Картридж-фотобарабана VARTO DR6000/ DR400 для BROTHER HL 1230/ 1240/ 1250/ 1270/ 1435/ 1440/ 1450/ 1470/ DCP1200/ 1400/ MFC8300/ 8500/ 8600/ 8700/ 9600/ 9700/ 9800/ P2500,DR6000/DR400-VARTO,VARTO,Картриджи,kartridzh-fotobarabana-varto-dr6000-dr400-dlia-brother-hl-1230-1240-1250-1270-1435-1440-1450-1470-dcp1200-1400-mfc8300-8500-8600-8700-9600-9700-9800-p2500dr6000-dr400-varto,840.0,1,1
9088,CATEGORY_ID,Ролик захвата бумаги (резина) VARTO для SAMSUNG ML3050/ 3470/ SCX5530/ 5330/ Ph3435/ 3635/ 3428/ 3420/ 3425/ 3450/ 3435/ 3300/ WC3550/ CLP610/ 620/ 660/ JC66-01168A,JC66-01168A-VARTO,VARTO,Ролики,rolik-zakhvata-bumagi-rezina-varto-dlia-samsung-ml3050-3470-scx5530-5330-ph3435-3635-3428-3420-3425-3450-3435-3300-wc3550-clp610-620-660-jc66-01168ajc66-01168a-varto,140.0,1,1
9153,CATEGORY_ID,Ролик сегмент вала захвата бумаги из кассеты VARTO для CANON iR-2520/ 2525/ 2530/ 2535/ 2545/ iR-ADV-4025i/ 4051i/ 4045i/ 4035i/ 4225i/ iR2202/ 2002/ FL3-1352,FL3-1352-VARTO,VARTO,Ролики,rolik-segment-vala-zakhvata-bumagi-iz-kassety-varto-dlia-canon-ir-2520-2525-2530-2535-2545-ir-adv-4025i-4051i-4045i-4035i-4225i-ir2202-2002-fl3-1352fl3-1352-varto,402.5,1,1
9181,CATEGORY_ID,Термопленка VARTO BROTHER HL 5440/ 5445/ 5450/ 5452/ 5470/ 5472/ 6180/ 6182/ DCP 8110/ 8112/ 8150/ 8152/ 8155/ 8157/ 8250/ MFC 8510/ 8512/ 8515/ 8520/ 8710/ 8712/ 8810/ 8910/ 8912/ 8950/ 8952,Film Brother5440 VARTO,VARTO,Термопленки,termoplenka-varto-brother-hl-5440-5445-5450-5452-5470-5472-6180-6182-dcp-8110-8112-8150-8152-8155-8157-8250-mfc-8510-8512-8515-8520-8710-8712-8810-8910-8912-8950-8952film-brother5440-varto,752.5,1,1
9233,CATEGORY_ID,Тормозная площадка VARTO для Samsung ML- 1510/ 1710/ 2250/ 3050/ 3051/ SCX-4200/ 4220/ 4720/ 4520/ 5530/ 5330/  Xerox 3428/ 3150/ 3300/ 3435/ WC Pe 120/ JC97-01931A/ 019N00987/ Tray2,JC97-01931A VARTO,VARTO,Тормозные площадки,tormoznaia-ploshchadka-varto-dlia-samsung-ml-1510-1710-2250-3050-3051-scx-4200-4220-4720-4520-5530-5330-xerox-3428-3150-3300-3435-wc-pe-120-jc97-01931a-019n00987-tray2jc97-01931a-varto,56.0,1,1
9237,CATEGORY_ID,Тормозная площадка VARTO резиновая накладка для SAMSUNG ML1710/ 1750/ 1510/ 2250/ 4300/ SCX-4216/ 4116/ 4016/ 4100/ 4200/ Pe16/ 114e/ Phaser 3150/ 3130/ 3120/ 3119/ 3115/ 3121/ JC73-00140A,JC73-00140A VARTO,VARTO,Тормозные площадки,tormoznaia-ploshchadka-varto-rezinovaia-nakladka-dlia-samsung-ml1710-1750-1510-2250-4300-scx-4216-4116-4016-4100-4200-pe16-114e-phaser-3150-3130-3120-3119-3115-3121-jc73-00140ajc73-00140a-varto,29.05,1,1
9265,CATEGORY_ID,Чип HP LJ 1160/ 1320/ P2015/ 1300/ 2410/ 2420/ 2430/ M3027/ P3005/ 4200/ 2300/ 4250/ 4350/ 4345mfp/ M4345/ Canon LBP3300/ 3360/ 108/ 308/ 508/ 708/ LBP3410/ 3460/ 110/ 310/ 510/ H-Universal-A,H-Universal-A/ 00064,VARTO,Чипы,chip-hp-lj-1160-1320-p2015-1300-2410-2420-2430-m3027-p3005-4200-2300-4250-4350-4345mfp-m4345-canon-lbp3300-3360-108-308-508-708-lbp3410-3460-110-310-510-h-universal-ah-universal-a-00064,17.5,1,1
9277,CATEGORY_ID,Чип VARTO HP LJ 1160, 1320, P2015, 1300, 2410, 2420, 2430, M3027, P3005, 4200, 2300, 4250, 4350, 4345mfp, M4345 Canon LBP3300/3360(108/308/508/708) LBP3410/3460(110/310/510) ( Q5949Х, Q7553Х, Q7551Х, Q2613Х, Q6511Х, Q5942Х ),H-Universal-X,VARTO,Чипы,chip-varto-hp-lj-1160-1320-p2015-1300-2410-2420-2430-m3027-p3005-4200-2300-4250-4350-4345mfp-m4345-canon-lbp3300-3360-108-308-508-708-lbp3410-3460-110-310-510-q5949kh-q7553kh-q7551kh-q2613kh-q6511kh-q5942kh-h-universal-x,24.5,1,1
9582,CATEGORY_ID,Чернила VISION Ricoh SS/VT Black CPI2BLK SS 810/830/915 VT 1730/1800/2105/2150/2200/2240/2500/3500/3800/6000, Gestetner 5325/5327/5329/5330/5340/5360 (600мл, CPI2BLK)  12 шт, в коробке,RC-600 black,Waco-Janibis (VISION),Чернила,chernila-vision-ricoh-ss-vt-black-cpi2blk-ss-810-830-915-vt-1730-1800-2105-2150-2200-2240-2500-3500-3800-6000-gestetner-5325-5327-5329-5330-5340-5360-600ml-cpi2blk-12-sht-v-korobkerc-600-black,207.2,1,1
9861,CATEGORY_ID,Фотобарабан ECKO для Brother HL-2030/ 2040/ 2070N/ 2130/ 2140/ 2170/ TN350/ TN2000/ DR360/ MFC-7220/ 7225N/ 7420/ 7820N/ Xerox Docuprint 203A/ 204A/ IntelliFax 2820/ 2920 (DR350/ DR2000/ DR2075) (OEM-like color),ECKO-BAS-BR2820,ЕСКО,Фотобарабаны,fotobaraban-ecko-dlia-brother-hl-2030-2040-2070n-2130-2140-2170-tn350-tn2000-dr360-mfc-7220-7225n-7420-7820n-xerox-docuprint-203a-204a-intellifax-2820-2920-dr350-dr2000-dr2075-oem-like-color-ecko-bas-br2820,73.5,1,1
9876,CATEGORY_ID,Фотобарабан ECKO для HP 1200/ 1150/ 1200/ 20/ 1300/ 3300/ 10/ 20/ 30/ 80 / C7115/ Q2613A/ X / Q2624A/ CANON FAX-L400/ LBP-1210/ PC-D320/ 340/ MF3110/ 3220/ 28/ 40/ 5530/ 50/ 5630/ 5730/ 50/ 70 / EP-25/ EP-27/ OEM-like color,ECKO-OAS-HP1000,ЕСКО,Фотобарабаны,fotobaraban-ecko-dlia-hp-1200-1150-1200-20-1300-3300-10-20-30-80-c7115-q2613a-x-q2624a-canon-fax-l400-lbp-1210-pc-d320-340-mf3110-3220-28-40-5530-50-5630-5730-50-70-ep-25-ep-27-oem-like-colorecko-oas-hp1000,31.85,1,1
9922,CATEGORY_ID,Смазка для термопленок универсальная высокотемпературная до 250 градусов, консистентная фторированная, DIPOIL SUPRA FX2B (10 ГР)!,Zh250-Gr10,Торговая площадка,Разное,smazka-dlia-termoplenok-universalnaia-vysokotemperaturnaia-do-250-gradusov-konsistentnaia-ftorirovannaia-dipoil-supra-fx2b-10-gr-zh250-gr10,644.35,1,1
9923,CATEGORY_ID,Смазка для термопленок универсальная высокотемпературная до 250 градусов, консистентная фторированная, DIPOIL SUPRA FX2B (10 ГР)ФРАНЦИЯ.,DIPOIL SUPRA FX5B(ТП),Торговая площадка,Средства ухода,smazka-dlia-termoplenok-universalnaia-vysokotemperaturnaia-do-250-gradusov-konsistentnaia-ftorirovannaia-dipoil-supra-fx2b-10-gr-frantsiia-dipoil-supra-fx5b-tp,560.0,1,1
9924,CATEGORY_ID,Смазка для термопленок универсальная высокотемпературная до 250 градусов, консистентная фторированная, DIPOIL SUPRA FX2B (20 ГР)ФРАНЦИЯ,DIPOIL SUPRA FX2B (ТП),Торговая площадка,Средства ухода,smazka-dlia-termoplenok-universalnaia-vysokotemperaturnaia-do-250-gradusov-konsistentnaia-ftorirovannaia-dipoil-supra-fx2b-20-gr-frantsiiadipoil-supra-fx2b-tp,875.0,1,1
