"Прайс-лист";;;;
"08.07.19";;;;
"Внимание! Наименование товаров в данном прайсе ";;;;
"может иметь отличия в формулировках при выписке ";;;;
"их в бухгалтерском счете.";;;;
"Пожалуйста, во избежание накладок с формулировкой";;;;
"наименования товара запрашивайте предварительно";;;;
"бухгалтерский счет.";;;;
;;;;
"Baden-project";;;;
;"Цены указаны в грн.";;;
"Код товара";"Наименование товаров";"Партнер";"Розничная";"Остаток"
;"Аксессуары для изготовления беджей, пластиковых карт";;;
"10115";"Высечка D-0012, для ПВХ под кредитную карту, с округленными углами, 85,5*54 (шт.)";4891,32;6521,76;310 819
"10113";"Высечка D-011, под кредитную карту, с округленными углами, 86*54 (шт.)";1706,32;2161,32;"Есть"
"10104";"Дырокол 3-в-1 (круглое отверстие, высечка под бэйджи, округлитель углов) (шт.)";588,00;756,00;" "
"10103";"Дырокол A-006, Т-образное отверстие, 26*8мм (шт.)";490,00;630,00;"Есть"
"10101";"Дырокол для беджей KW-Trio 09772, продолговатое отверстие 4*15мм (шт.)";343,00;490,00;"Есть"
"10102";"Дырокол для беджей с линейкой (шт.)";530,88;758,24;" "
"10204";"Закруглитель углов AD-1 с ножом 6мм (шт.)";3045,00;3857,00;" "
"10203";"Закруглитель углов C-003, ручной, R5 (шт.)";530,88;682,64;"Есть"
"10218";"Закруглитель углов KW-triO 09521, настольный,  с ножами R3,5/6/10/прямой/D6, высечка под ригель D21 (шт.)";2730,00;3458,00;120 819
"10002";"Клипса для беджей B-03C, на самоклейке, с прищепкой и булавкой (100шт) (уп.)";157,36;225,12;"Есть"
"10001";"Клипса для беджей B23, металлическая застежка на пластиковом ремешке (100шт) (уп.)";157,36;225,12;"Есть"
"10210";"Позиционер для высечки под ригель для AD-1 (шт.)";1037,40;1095,08;"Есть"
"10209";"Сменный марзан для AD-1, 5 шт. (уп.)";98,00;140,00;" "
"10207";"Сменный нож для AD-1, R10 (шт.)";355,04;491,40;" "
"10205";"Сменный нож для AD-1, R3 (шт.)";355,04;491,40;" "
"10206";"Сменный нож для AD-1, R6 (шт.)";355,04;491,40;" "
"10208";"Сменный нож для AD-1, высечка под ригель, D21 (шт.)";491,40;682,64;" "
"10212";"Сменный нож для AD-1, дырокол, D6 (шт.)";431,20;554,40;" "
"10221";"Сменный нож для KW-Trio 09521, R10 (шт.)";294,00;378,00;"Есть"
"10223";"Сменный нож для KW-Trio 09521, R3.5 (шт.)";294,00;378,00;"Огран.кол-во"
"10222";"Сменный нож для KW-Trio 09521, R6 (шт.)";294,00;378,00;"Есть"
"10219";"Сменный нож для KW-Trio 09521, высечка под ригель, D21 (шт.)";294,00;378,00;"Есть"
"10220";"Сменный нож для KW-Trio 09521, дырокол, D6 (шт.)";294,00;378,00;"Есть"
"10202";"Тигельный вырубщик для карт BW-200A (шт.)";38675,00;45500,00;" "
"10301";"Эмбоссер CM-01 (англ.) (шт.)";19782,00;25584,72;"Огран.кол-во"
;"Аксессуары для изготовления календарей";;;
"13005";"Высечка под ригель Warrior 33200, D 20 (13/16"") (шт.)";686,00;980,00;" "
"13000";"Заклепочник KW-Trio 09718, ручной, D 4,8 (шт.)";296,80;425,60;"Огран.кол-во"
"12999";"Заклепочник KW-Trio 09719, ручной, усиленный, D 4,8 (шт.)";392,00;560,00;"Есть"
"13007";"Заклепочник SD/5, настольный, полуавтоматический, D5 (шт.)";11424,00;13440,00;"Огран.кол-во"
"13004";"Заклепочник Warrior (шт.)";431,20;616,00;" "
"11901";"Курсор №1: 17*24, 290-330 в сборке (100 шт.) (уп.)";147,28;183,96;"Есть"
"11902";"Курсор №2: 20*31, 290-330 в сборке (100 шт.) (уп.)";147,28;183,96;"Есть"
"11904";"Курсор №2: 20*31, 290-330 в сборке, цветные (100 шт.) (уп.)";181,44;226,80;" "
"11907";"Курсор №2: 20*31, 340-380 в сборке (100 шт.) (уп.)";171,36;214,20;"Есть"
"11908";"Курсор №2: 20*31, 390-430 в сборке (100 шт.) (уп.)";181,44;226,80;"Есть"
"11903";"Курсор №3: 23*34, 290-330 в сборке (100 шт.) (уп.)";161,28;201,60;"Есть"
"11909";"Курсор №3: 23*34, 340-380 в сборке (100 шт.) (уп.)";181,44;226,80;" "
"11910";"Курсор №3: 23*34, 390-430 в сборке (100 шт.) (уп.)";185,36;231,84;" "
"13008";"Люверс 4 мм, золото (1000 шт.) (уп.)";71,12;109,20;"Есть"
"13009";"Люверс 4 мм, серебро (1000 шт.) (уп.)";71,12;109,20;"Есть"
"13018";"Люверс 5 мм, золото (1000 шт.) (шт.)";71,12;109,20;" "
"13014";"Люверс 5 мм, красные (1000 шт.) (шт.)";71,12;109,20;"Огран.кол-во"
"13019";"Люверс 5 мм, серебро (1000 шт.) (шт.)";71,12;109,20;"Есть"
"13012";"Люверс 5 мм, черные (1000 шт.) (шт.)";71,12;109,20;" "
"13028";"Люверс 5.5 мм, золото (1000 шт.) (шт.)";71,12;109,20;310 819
"13029";"Люверс 5.5 мм, серебро (1000 шт.) (уп.)";71,12;109,20;"Есть"
"13002";"Люверс KW-Trio для ручного заклепочника, золото (250шт) (уп.)";81,20;89,60;"Есть"
"13100";"Планка пластиковая на самоклейке, 1000мм (100 шт.) (уп.)";823,20;926,24;"Есть"
"13129";"Планка пластиковая на самоклейке, 290мм (100 шт.) (уп.)";238,84;268,52;"Есть"
"13130";"Планка пластиковая на самоклейке, 300мм (100 шт.) (уп.)";246,96;277,76;"Есть"
"13141";"Планка пластиковая на самоклейке, 410мм (100 шт.) (уп.)";337,68;379,68;"Есть"
"13160";"Планка пластиковая на самоклейке, 600мм (100 шт.) (уп.)";493,92;555,80;"Есть"
"11111";"Ригель 100 мм, белые (100шт) (уп.)";33,88;43,40;"Есть"
"11119";"Ригель 100 мм, серебро (100шт) (уп.)";37,24;47,60;"Огран.кол-во"
"11112";"Ригель 100 мм, черные (100шт) (уп.)";33,88;43,40;"Есть"
"11121";"Ригель 150 мм, белые (100шт) (уп.)";40,88;52,36;"Есть"
"11129";"Ригель 150 мм, серебро (100шт) (уп.)";44,80;57,68;"Есть"
"11123";"Ригель 150 мм, синие (100шт) (уп.)";44,80;57,68;"Есть"
"11122";"Ригель 150 мм, черные (100шт) (уп.)";40,88;52,36;"Есть"
"11131";"Ригель 200 мм, белые (100шт) (уп.)";53,48;68,60;"Есть"
"11138";"Ригель 200 мм, золото (100 шт) (уп.)";72,52;85,40;"Есть"
"11139";"Ригель 200 мм, серебро (100шт) (уп.)";58,52;68,60;"Огран.кол-во"
"11133";"Ригель 200 мм, синие (100шт) (уп.)";58,80;75,32;"Есть"
"11132";"Ригель 200 мм, черные (100шт) (уп.)";53,48;68,60;"Есть"
"11141";"Ригель 250 мм, белый (100шт) (уп.)";69,16;88,48;"Есть"
"11148";"Ригель 250 мм, золото (100шт) (уп.)";86,80;102,20;"Есть"
"11149";"Ригель 250 мм, серебро (100шт) (уп.)";75,60;88,48;"Есть"
"11142";"Ригель 250 мм, черный (100шт) (уп.)";69,16;88,48;"Есть"
"11151";"Ригель 300 мм, белые (100шт) (уп.)";74,76;95,76;"Есть"
"11158";"Ригель 300 мм, золото (100шт) (уп.)";101,08;119,00;"Есть"
"11159";"Ригель 300 мм, серебро (100шт) (уп.)";81,76;95,76;" "
"11152";"Ригель 300 мм, черные (100шт) (уп.)";74,76;95,76;"Есть"
"11161";"Ригель 400 мм, белые (100шт) (уп.)";98,56;126,28;"Огран.кол-во"
"11162";"Ригель 400 мм, черные (100шт) (уп.)";98,56;126,28;"Есть"
"11171";"Ригель 450 мм, белые (100шт) (уп.)";125,44;160,72;"Есть"
"11172";"Ригель 450 мм, черные (100шт) (уп.)";125,44;160,72;"Есть"
"11101";"Ригель 80 мм, белые (100шт) (уп.)";32,76;42,00;"Огран.кол-во"
"11102";"Ригель 80 мм, черные (100шт) (уп.)";32,76;42,00;"Есть"
"13101";"Ушко-держатель для планок (100 шт.) (уп.)";56,00;63,00;"Есть"
;"Ламинаторы";;;
;"Royal Sovereign";;;
"20130";"Ламинатор конвертный Royal Sovereign ES 1315 (А3) (шт.)";2332,40;3332,00;"Есть"
"20121";"Ламинатор конвертный Royal Sovereign ES 410 (А6) (шт.)";862,40;1232,00;"Есть"
"20129";"Ламинатор конвертный Royal Sovereign ES 915 (А4) (шт.)";1638,00;2184,00;"Есть"
"20174";"Ламинатор конвертный Royal Sovereign HSH 1201 (А3), профессиональный (шт.)";17172,96;21466,20;"Есть"
"20170";"Ламинатор конвертный Royal Sovereign HSH 340 (А3), профессиональный (шт.)";7280,00;9702,00;"Есть"
"20135";"Ламинатор конвертный Royal Sovereign NR 1201 (А3) (шт.)";2994,04;4277,00;"Есть"
"20134";"Ламинатор конвертный Royal Sovereign NR 901 (А4) (шт.)";2618,28;3740,24;"Есть"
"20159";"Ламинатор конвертный Royal Sovereign PL 1310 (А3) (шт.)";4998,00;7140,00;"Есть"
"20158";"Ламинатор конвертный Royal Sovereign PL 910 (А4) (шт.)";3444,00;4592,00;"Есть"
"20183";"Ламинатор рулонный Royal Sovereign RSH 380S (шт.)";44980,60;50540,00;"Есть"
"20177";"Ламинатор рулонный Royal Sovereign RSH 380SL (шт.)";44980,60;50540,00;"Есть"
"20178";"Ламинатор рулонный Royal Sovereign RSH 685SL (шт.)";49840,00;58212,00;"Огран.кол-во"
;"Тиражные";;;
"20309";"Авторазделитель заламинированных листов JH-1020 (шт.)";184800,00;184800,00;"Огран.кол-во"
"20304";"Ламинатор рулонный DRAGON FMY-720B (шт.)";185920,00;199920,00;" "
"20305";"Ламинатор рулонный DRAGON FMY-920B (шт.)";" ";" ";" "
"20310";"Ламинатор рулонный DRAGON SAFM800 (шт.)";" ";" ";" "
"20381";"Ламинатор рулонный lamiMARK HL520, промышленный (шт.)";138600,00;154000,00;"Огран.кол-во"
"20382";"Ламинатор рулонный lamiMARK HL720, промышленный (шт.)";158760,00;176400,00;"Есть"
;"lamiMARK";;;
"20257";"Ламинатор lamiMARK Premier 230 (А4) (шт.)";1783,60;2548,00;"Есть"
"20258";"Ламинатор lamiMARK Premier 330 (А3) (шт.)";2293,20;3276,00;"Есть"
"20251";"Ламинатор lamiMARK Senator 230 (А4) (шт.)";490,00;700,00;"Есть"
"20252";"Ламинатор lamiMARK Senator 330 (А3) (шт.)";1217,16;1738,80;"Есть"
"20253";"Ламинатор lamiMARK Сompanion 230 (А4) (шт.)";1117,20;1596,00;"Есть"
"20254";"Ламинатор lamiMARK Сompanion 330 (А3) (шт.)";1092,00;1484,00;"Есть"
"20353";"Ламинатор конвертный lamiMARK ECO-12 (А3) (шт.)";2352,00;3360,00;"Есть"
"20351";"Ламинатор конвертный lamiMARK FGK220 (А4) (шт.)";2606,80;3724,00;"Есть"
"20352";"Ламинатор конвертный lamiMARK FGK320 (А3) (шт.)";3410,40;4872,00;"Есть"
"20354";"Ламинатор конвертный lamiMARK PD230-1 (А4) (шт.)";2352,00;3360,00;"Есть"
"20358";"Ламинатор конвертный lamiMARK PDA3-330CN (А3) (шт.)";2968,00;4004,00;"Есть"
"20362";"Ламинатор конвертный lamiMARK PDA3-330SL (А3) (шт.)";5292,00;7560,00;"Есть"
"20360";"Ламинатор конвертный lamiMARK PDA3-330X (А3) (шт.)";3136,00;4480,00;"Есть"
"20369";"Ламинатор конвертный lamiMARK PDA3-336HL (А3) (шт.)";12700,80;15876,00;300 919
"20357";"Ламинатор конвертный lamiMARK PDA4-230CN (А4) (шт.)";3234,00;4620,00;"Есть"
"20371";"Ламинатор рулонный lamiMARK PDFM360 (шт.)";18900,00;25200,00;"Огран.кол-во"
;"Широкоформатные рулонные ламинаторы";;;
"20190";"Ламинатор рулонный Royal Sovereign RSC 1401CLTW (шт.)";57848,00;60732,00;"Огран.кол-во"
"20193";"Ламинатор рулонный Royal Sovereign RSC 1651CLTW (шт.)";71484,00;75040,00;"Огран.кол-во"
"20194";"Ламинатор рулонный Royal Sovereign RSC 1651HCLTW (шт.)";79464,00;83440,00;"Огран.кол-во"
"20197";"Ламинатор рулонный Royal Sovereign RSC 1651LSH (шт.)";110264,00;115780,00;"Огран.кол-во"
"20196";"Ламинатор рулонный Royal Sovereign RSL 1062 (шт.)";99540,00;110600,00;" "
"20413";"Рулонный ламинатор lamiMARK CL-700 (шт.)";4200,00;5600,00;" "
"20410";"Рулонный ламинатор lamiMARK LBS 1600D (шт.)";30940,00;36400,00;"Огран.кол-во"
;"Boway";;;
"20391";"Ламинатор рулонный Boway F350 A (шт.)";23380,00;27300,00;"Есть"
"20393";"Ламинатор рулонный Boway F350 C, с авторазделителем листов (шт.)";46620,00;51800,00;"Огран.кол-во"
"20396";"Ламинатор рулонный Boway F650 A (шт.)";41916,00;49140,00;"Огран.кол-во"
;"Переплетное оборудование";;;
;"Solar";;;
"21901";"Calendar 55A (шт.)";" ";999320,00;" "
"21902";"Calendar 80A (шт.)";" ";" ";" "
"21922";"Shark 80 (шт.)";" ";535920,00;" "
"21904";"Автоподатчик ригеля для  55A/80A (шт.)";" ";" ";" "
"21908";"Инструмент закрывающий 1/4"" для  55A/80A (шт.)";" ";" ";" "
"21909";"Инструмент закрывающий 5/16"" для  55A/80A (шт.)";" ";" ";" "
;"DSB";;;
"21633";"Биндер на метал. пружину DSB WR150 (3:1) (шт.)";2688,00;3080,00;"Огран.кол-во"
"21605";"Биндер на пласт. пружину DSB CB180 (шт.)";2940,00;3920,00;"Есть"
;"bindMARK";;;
;"Биндеры на металлическую пружину";;;
"21735";"Биндер на металлическую пружину bindMARK CW234 PLUS (3:1) (шт.)";3045,00;4060,00;"Есть"
"21762";"Биндер на металлическую пружину bindMARK CW330T (2:1), профессиональный (шт.)";9072,00;11340,00;" "
"21764";"Биндер на металлическую пружину bindMARK CW430 (3:1),  профессиональный, А3 (шт.)";12728,24;14630,00;"Есть"
"21728";"Биндер на металлическую пружину bindMARK Super 34 PLUS (3:1), профессиональный (шт.)";8512,00;10640,00;"Есть"
"21729";"Биндер на металлическую пружину bindMARK Super 34E PLUS (3:1), профессиональный,  электрический (шт.)";17449,60;21812,00;300 719
"21772";"Биндер на металлическую пружину bindMARK T9029A (3:1) (шт.)";4116,00;5880,00;"Есть"
"21736";"Биндер на металлическую пружину bindMARK TТ2930 (3:1/2:1) (шт.)";13832,00;17290,00;"Есть"
"21770";"Биндер на металлическую пружину bindMARK U618 (3:1) (шт.)";2548,00;3640,00;"Есть"
"21771";"Биндер на металлическую пружину bindMARK U619 (3:1) (шт.)";3528,00;5040,00;"Есть"
"21744";"Биндер на металлическую пружину bindMARK Т930 (3:1) (шт.)";8190,00;10920,00;"Есть"
"21740";"Биндер на металлическую пружину bindMARK Т970 (3:1) (шт.)";8190,00;10920,00;"Есть"
"21742";"Биндер на металлическую пружину bindMARK Т970E (2:1) (шт.)";8190,00;10920,00;"Есть"
"21741";"Биндер на металлическую пружину bindMARK Т970R (3:1), круглые отверстия (шт.)";8190,00;10920,00;"Есть"
"21767";"Обжимное устройство для металлической пружины bindMARK MC430 PLUS, профессиональное (шт.)";8806,00;10360,00;"Огран.кол-во"
;"Биндеры на пластиковую пружину";;;
"21737";"Биндер на пластиковую пружину bindMARK bM10 (шт.)";980,00;1400,00;"Есть"
"21738";"Биндер на пластиковую пружину bindMARK bM11 (шт.)";1146,60;1638,00;"Есть"
"21837";"Биндер на пластиковую пружину bindMARK bM12 (шт.)";1270,08;1814,40;"Есть"
"21838";"Биндер на пластиковую пружину bindMARK bM15 (шт.)";2489,20;3556,00;"Есть"
"21841";"Биндер на пластиковую пружину bindMARK bM8  DUO (шт.)";490,00;644,00;"Есть"
"21732";"Биндер на пластиковую пружину bindMARK CB2100 PLUS (шт.)";4200,00;5600,00;"Огран.кол-во"
"21733";"Биндер на пластиковую пружину bindMARK Super 21 PLUS, профессиональный (шт.)";4690,00;5908,00;"Есть"
"21750";"Биндер на пластиковую пружину bindMARK СB280 (шт.)";2100,00;2800,00;"Есть"
;"Оборудование для фотокниг";;;
"21850";"Клеемазательная машина bindMARK JS500 (шт.)";45029,60;52976,00;310 819
"21851";"Комплекс для изготовления фотокниг bindMARK PBS18 (шт.)";126000,00;139160,00;" "
"21812";"Стол для фотокниг bindMARK DC100L (шт.)";7168,00;8400,00;"Есть"
"21813";"Стол для фотокниг bindMARK DC100P (шт.)";23800,00;28000,00;"Огран.кол-во"
;"производственные";;;
"21705";"Инструмент закрывающий 1/4"" для WB-520 (шт.)";" ";19012,00;"Огран.кол-во"
"21706";"Инструмент закрывающий 5/16"" для WB-520 (шт.)";" ";19600,00;"Огран.кол-во"
"21725";"Перфорационный нож 3:1 4х4 мм для CK-600/CKD-600 HF301 (шт.)";" ";28000,00;" "
"21723";"Перфорационный нож 3:1 4х4 мм с вырубкой под ригель для CK-600/CKD-600 HF303 (шт.)";26600,00;28000,00;" "
"21724";"Перфорационный нож 3:1, круглые отверстия 4 мм для CK-600/CKD-600 (шт.)";" ";28000,00;"Огран.кол-во"
"21712";"Полуавтоматический обжим bindMARK HB-520A (1/4"",5/16"",3/8"", податчик ригеля и стол) (шт.)";345240,00;383600,00;"Огран.кол-во"
"21718";"Электрический перфоратор bindMARK CK-600 с набором ножей - квадратные 4х4,5 мм (шт.)";76876,80;87360,00;" "
"21719";"Электрический перфоратор bindMARK CKD-600 с набором ножей - квадратные 4х4,5 мм (шт.)";122850,00;136500,00;" "
"21746";"Электрический перфоратор bindMARK PB-600, 3:1 и 2:1/обжим, универсальный (шт.)";128898,00;138600,00;"Огран.кол-во"
"21748";"Электрический перфоратор bindMARK SUPER450,  3:1/обжим, 4х4мм квадратные отверстия (шт.)";78120,00;86800,00;300 719
"21722";"Электрическое обжимное устройство bindMARK JYH-600 (шт.)";50904,00;56560,00;" "
;"термоклеевые машины";;;
"21821";"Термоклеевой PUR-биндер BOWAY T9E (шт.)";452200,00;476000,00;" "
"21809";"Термоклеевой биндер bindMARK BW-JB-2 (шт.)";19040,00;22400,00;"Есть"
"21804";"Термоклеевой биндер BOWAY BW-950Z (шт.)";75600,00;84000,00;" "
"21816";"Термоклеевой биндер BOWAY K3 (шт.)";80640,00;89600,00;"Есть"
"21817";"Термоклеевой биндер BOWAY K5 (шт.)";97020,00;107800,00;"Есть"
"21819";"Термоклеевой биндер BOWAY K7 (шт.)";136080,00;151200,00;" "
;"Дыроколы";;;
"21153";"Дырокол KW-triO 09520, 2 отверстия, 150 листов, усиленный (шт.)";1372,00;1820,00;"Есть"
"21155";"Дырокол KW-triO 09556, 2 отверстия, 200 листов, усиленный (шт.)";2744,00;3920,00;"Есть"
"21840";"Ниткошвейный аппарат bindMARK 168-PS (шт.)";1960,00;2800,00;310 819
"21163";"Сменные ножи и марзаны для дыроколов KW-Trio 09520 (шт.)";431,20;616,00;120 819
"21165";"Сменные ножи и марзаны для дыроколов KW-Trio 09556 (шт.)";607,60;868,00;" "
;"Резаки и триммеры";;;
;"Boway";;;
"22146";"Гильотина 898(A3) (шт.)";8820,00;11760,00;"Огран.кол-во"
"22114";"Гильотина электрическая BOWAY BW-450Z3, с подставкой (шт.)";49140,00;54600,00;" "
"22118";"Гильотина электрическая BOWAY BW-4606 V8.2, с подставкой (шт.)";57204,00;63560,00;"Есть"
"22115";"Гильотина электрическая BOWAY BW-460Z3, с подставкой (шт.)";53564,00;63000,00;"Огран.кол-во"
"22117";"Гильотина электрическая BOWAY BW-480Z3, с подставкой (шт.)";70224,00;82600,00;"Огран.кол-во"
"22120";"Гильотина электрическая BOWAY BW-4908 V9.2, с подставкой (шт.)";75600,00;84000,00;" "
"22126";"Гильотина электрическая BOWAY BW-670V+, с подставкой (шт.)";140868,00;156520,00;" "
"22940";"Марзан BOWAY для BW-450 (шт.)";132,16;188,72;"Огран.кол-во"
"22941";"Марзан BOWAY для BW-480 (шт.)";142,24;203,00;"Есть"
"22944";"Марзан BOWAY для BW-868 (a3) (шт.)";231,28;330,40;"Огран.кол-во"
"22943";"Марзан BOWAY для BW-868 (a4) (шт.)";166,88;238,56;"Огран.кол-во"
"22840";"Нож BOWAY для BW-450 (7 креплений) (шт.)";2553,60;3192,00;" "
"22843";"Нож BOWAY для BW-450Z ADC-510 (5 креплений) (шт.)";2553,60;3192,00;"Есть"
"22846";"Нож BOWAY для BW-460 ADC-72-101 (шт.)";3360,00;4200,00;"Есть"
"22844";"Нож BOWAY для BW-480 ADC-70-031 (шт.)";4368,00;5460,00;"Есть"
"22847";"Нож BOWAY для BW-4908 (ADC-72-703) (шт.)";3808,00;4760,00;"Огран.кол-во"
"22845";"Нож BOWAY для BW-670 (ADC-11-013B) (шт.)";6496,00;8120,00;"Огран.кол-во"
"22834";"Нож BOWAY для BW-868(A3) (шт.)";940,80;1176,00;"Огран.кол-во"
"22833";"Нож BOWAY для BW-868(A4) (шт.)";784,00;980,00;"Есть"
"22842";"Нож для BW-650 (шт.)";5152,00;6440,00;" "
"22144";"Резак BW-868(A3) (шт.)";6982,64;9975,00;"Есть"
"22143";"Резак BW-868(A4) (шт.)";5865,44;8379,00;"Есть"
;"KW-Trio";;;
"22313";"Гильотина KW-Trio 13941, 430 мм, 550 листов, со столом (шт.)";26066,04;28644,00;120 819
"22311";"Гильотина KW-Trio 13942, 430 мм, 400 листов, со столом (шт.)";20154,68;22148,00;120 819
"22310";"Гильотина KW-Trio 13943, 370 мм, 150 листов (шт.)";12140,80;15176,00;"Огран.кол-во"
"22314";"Гильотина KW-Trio 13947, 430 мм, 200 листов, со столом (шт.)";15338,96;17836,00;120 819
"22309";"Гильотина KW-Trio 13948, 360 мм, 50 листов (шт.)";4830,00;6440,00;"Огран.кол-во"
"22315";"Гильотина KW-Trio 13971, 475 мм, 800 листов, со столом (шт.)";42653,52;46872,00;"Огран.кол-во"
"22358";"Коврик А2 для ручного роликового ножа KW-Trio 03803 (шт.)";235,20;336,00;120 819
"22357";"Коврик А3 для ручного роликового ножа KW-Trio 03803 (шт.)";117,60;168,00;120 819
"22356";"Коврик А4 для ручного роликового ножа KW-Trio 03803 (шт.)";58,80;84,00;120 819
"22389";"Марзан KW-Trio для 13942, 13941, 13947 (шт.)";341,32;455,00;" "
"22390";"Марзан KW-Trio для 13943 (шт.)";318,64;424,76;"Есть"
"22391";"Марзан KW-Trio для 13948 (шт.)";171,08;227,92;" "
"22360";"Набор лезвий для роликового ножа  KW-Trio 03803, 45 мм (прямой*3) (уп.)";133,28;190,40;120 819
"22361";"Набор лезвий для роликового ножа KW-Trio 03803, 45 мм (прямой+перфорация+волна) (уп.)";170,52;243,60;120 819
"22395";"Нож KW-Trio для 13018, 13919, 13020, 13021, 13022, 13026, 13027 (шт.)";462,00;616,00;"Огран.кол-во"
"22384";"Нож KW-Trio для 13025 (шт.)";651,00;868,00;"Огран.кол-во"
"22385";"Нож KW-Trio для 13029 (шт.)";756,00;1008,00;"Огран.кол-во"
"22394";"Нож KW-Trio для 13033, 13034 (шт.)";84,00;112,00;120 819
"22387";"Нож KW-Trio для 13040 (шт.)";1470,00;1960,00;"Огран.кол-во"
"22388";"Нож KW-Trio для 13042 (шт.)";1680,00;2240,00;"Огран.кол-во"
"22383";"Нож KW-Trio для 13902 (шт.)";651,00;868,00;"Есть"
"22386";"Нож KW-Trio для 13903 (шт.)";756,00;1008,00;"Есть"
"22382";"Нож KW-Trio для 13912 (шт.)";567,00;756,00;"Есть"
"22381";"Нож KW-Trio для 13925 (шт.)";567,00;756,00;"Огран.кол-во"
"22370";"Нож KW-Trio для 13941 (шт.)";3864,00;5152,00;120 819
"22374";"Нож KW-Trio для 13942 (шт.)";3423,00;4564,00;120 819
"22371";"Нож KW-Trio для 13943 (шт.)";3066,00;4088,00;120 819
"22372";"Нож KW-Trio для 13947 (шт.)";3864,00;5152,00;"Огран.кол-во"
"22373";"Нож KW-Trio для 13948 (шт.)";341,32;455,00;120 819
"22375";"Нож KW-Trio для 13971 (шт.)";7350,00;9800,00;"Огран.кол-во"
"22341";"Резак роликовый KW-Trio 13018, 360 мм, 15 листов (шт.)";1568,00;2240,00;"Есть"
"22343";"Резак роликовый KW-Trio 13020, 670 мм, 12 листов (шт.)";2744,00;3920,00;"Есть"
"22344";"Резак роликовый KW-Trio 13021, 960 мм, 10 листов, с подставкой (шт.)";5250,00;7000,00;"Есть"
"22345";"Резак роликовый KW-Trio 13022, 1300 мм, 7 листов, с подставкой (шт.)";6510,00;8680,00;"Огран.кол-во"
"22346";"Резак роликовый KW-Trio 13026, 1500 мм, 7 листов, с подставкой (шт.)";9228,80;11536,00;120 819
"22347";"Резак роликовый KW-Trio 13027, 2000 мм, 5 листов, с подставкой (шт.)";16464,00;20580,00;"Огран.кол-во"
"22338";"Резак роликовый KW-Trio 13033, 450 мм, 10 листов (шт.)";882,00;1260,00;"Огран.кол-во"
"22337";"Резак роликовый KW-Trio 13034, 318 мм, 10 листов (шт.)";509,60;728,00;120 819
"22336";"Резак роликовый KW-Trio 13139, 454 мм, 10 листов, 4-в-1 + закруглитель углов (шт.)";1162,00;1576,40;"Есть"
"22342";"Резак роликовый KW-Trio 13919, 480 мм, 15 листов (шт.)";2254,00;3220,00;"Есть"
"22335";"Резак роликовый KW-Trio 13939, 330 мм, 10 листов, 4-в-1 + закруглитель углов (шт.)";1176,00;1680,00;"Есть"
"22304";"Резак сабельный KW-Trio 13025, 448 мм, 20 листов (шт.)";2293,20;3276,00;"Есть"
"22307";"Резак сабельный KW-Trio 13040, 360 мм, 40 листов, автоприжим (шт.)";4312,00;6160,00;"Огран.кол-во"
"22308";"Резак сабельный KW-Trio 13042, 460 мм, 40 листов, автоприжим (шт.)";4760,00;6510,00;"Есть"
"22325";"Резак сабельный KW-Trio 13300, 306 мм, 7 листов (шт.)";450,80;644,00;"Есть"
"22303";"Резак сабельный KW-Trio 13902, 448 мм, 15 листов (шт.)";2214,80;3164,00;120 819
"22306";"Резак сабельный KW-Trio 13903, 546 мм, 15 листов (шт.)";2646,00;3780,00;"Есть"
"22302";"Резак сабельный KW-Trio 13912, 335 мм, 20 листов (шт.)";1822,80;2604,00;"Есть"
"22329";"Резак сабельный KW-Trio 13914, 440 мм, 10 листов (шт.)";1176,00;1680,00;"Есть"
"22328";"Резак сабельный KW-Trio 13921, 335 мм, 10 листов (шт.)";560,00;736,40;"Есть"
"22301";"Резак сабельный KW-Trio 13925, 310 мм, 15 листов (шт.)";1705,20;2436,00;"Огран.кол-во"
"22353";"Ручной роликовый нож KW-Trio 03803, диаметр 45 мм, желтый (шт.)";182,00;280,00;"Есть"
"22352";"Ручной роликовый нож KW-Trio 03803, диаметр 45 мм, синий (шт.)";182,00;280,00;"Огран.кол-во"
"22351";"Ручной роликовый нож KW-Trio 03803, диаметр 45 мм, черный (шт.)";182,00;280,00;120 819
;"Разное";;;
"22137";"Гильотина YIDE 858, 310 мм (А4), 400 листов (шт.)";4312,00;6160,00;"Огран.кол-во"
"22138";"Гильотина YIDE 858, 430 мм (А3), 400 листов (шт.)";6272,00;8960,00;"Огран.кол-во"
"22140";"Гильотина YIDE S898, 470 мм, 500 листов, с подставкой (шт.)";10395,00;13860,00;"Есть"
"22162";"Марзан для YIDE 858 (a3) (шт.)";225,40;322,00;"Огран.кол-во"
"22161";"Марзан для YIDE 858 (a4) (шт.)";170,52;243,60;"Огран.кол-во"
"22163";"Марзан для YIDE S898 (шт.)";127,40;182,00;"Огран.кол-во"
"22154";"Нож YIDE для 6012 (шт.)";380,80;476,00;"Огран.кол-во"
"22153";"Нож YIDE для 6014-1 (шт.)";268,80;336,00;"Огран.кол-во"
"22157";"Нож YIDE для 858, 310 мм (А4) (шт.)";560,00;700,00;" "
"22158";"Нож YIDE для 858, 430 мм (А3) (шт.)";716,80;896,00;" "
"22160";"Нож YIDE для S898 (470мм) (шт.)";1724,80;2156,00;"Огран.кол-во"
"22100";"Резак DC-20 (шт.)";1804,88;2578,24;"Есть"
"22102";"Резак GT-3B (шт.)";940,80;1176,00;"Есть"
"22105";"Резак GT-4C (шт.)";828,80;1036,00;" "
"22409";"Резак роликовый cutMARK Villen 5-в-1 (шт.)";308,00;392,00;"Есть"
"22134";"Резак сабельный YIDE 6012, 450 мм, 10 листов, металлическое основание (шт.)";673,40;1036,00;"Есть"
"22133";"Резак сабельный YIDE 6014-1, 300 мм, 10 листов, металлическое основание (шт.)";400,40;616,00;"Есть"
;"Степлеры";;;
"23301";"Буклетмейкер bindMARK ZY-1 (шт.)";15660,40;18424,00;"Огран.кол-во"
"23100";"Скобы 24/6 (уп.)";8,96;13,72;120 819
"23110";"Скобы 26/6 (уп.)";7,84;12,04;120 819
"23111";"Скобы bindMARK 66/6, до 30 листов  (5000 шт) (уп.)";66,36;101,92;"Есть"
"23113";"Скобы bindMARK 66/8, до 50 листов (5000шт) (уп.)";76,44;117,60;"Есть"
"23103";"Скобы KW-Trio 23/10, до 70 листов (1000 шт) (уп.)";26,88;41,16;"Есть"
"23104";"Скобы KW-Trio 23/13, до 100 листов (1000 шт) (уп.)";34,72;53,20;"Есть"
"23105";"Скобы KW-Trio 23/15, до 120 листов (1000 шт) (уп.)";42,56;65,52;"Есть"
"23106";"Скобы KW-Trio 23/17, до 140 листов (1000 шт) (уп.)";48,44;74,48;"Есть"
"23107";"Скобы KW-Trio 23/20, до 170 листов (1000 шт) (уп.)";62,72;96,32;"Есть"
"23108";"Скобы 23/23, до 200 листов (уп.)";80,08;123,20;"Есть"
"23101";"Скобы KW-Trio 23/6, до 30 листов (1000 шт) (уп.)";17,36;26,88;"Есть"
"23102";"Скобы KW-Trio 23/8, до 50 листов (1000 шт) (уп.)";19,04;29,12;120 819
"23203";"Степлер bindMARK XDD-106 втачку/внакидку, 66/6, 66/8, электрический (шт.)";9219,00;12292,00;310 819
"23027";"Степлер bindMARK YF-9993, до 210 листов, отступ 250 мм (шт.)";1380,12;2123,24;"Огран.кол-во"
"23025";"Степлер KW-Trio 5000, до 210 листов, отступ 250 мм (шт.)";2857,40;4396,00;"Есть"
"23023";"Степлер KW-Trio 50LAN, до 210 листов, отступ 70 мм (шт.)";782,60;1204,00;"Есть"
"23020";"Степлер KW-Trio 5900, до 20 листов, отступ 317 мм (шт.)";309,40;476,00;"Есть"
;"Уничтожители документов";;;
;"shredMARK";;;
"24330";"Уничтожитель документов DSB AF75, с автоподачей (шт.)";5488,00;6860,00;"Есть"
"24308";"Уничтожитель документов shredMARK 1001XX (шт.)";3868,20;5157,60;" "
"24316";"Уничтожитель документов shredMARK 1201HS (1*8мм) (шт.)";12768,00;15960,00;"Огран.кол-во"
"24323";"Уничтожитель документов shredMARK 1203X (5*40мм) (шт.)";2366,00;3640,00;"Есть"
"24343";"Уничтожитель документов shredMARK 1235M (2*10мм) (шт.)";5684,00;8120,00;"Есть"
"24315";"Уничтожитель документов shredMARK 1301XX (2*8мм) (шт.)";10931,20;13664,00;"Есть"
"24307";"Уничтожитель документов shredMARK 1501X (4*41мм) (шт.)";3724,00;5320,00;"Есть"
"24372";"Уничтожитель документов shredMARK 1760M, офисный (2*15мм) (шт.)";17860,64;23814,00;"Есть"
"24342";"Уничтожитель документов shredMARK 1835C (4*40мм) (шт.)";5390,00;7700,00;"Есть"
"24377";"Уничтожитель документов shredMARK 1880M, офисный (2*15мм) (шт.)";25326,00;33768,00;" "
"24314";"Уничтожитель документов shredMARK 2001X (4*38 мм) (шт.)";8008,00;9940,00;"Есть"
"24381";"Уничтожитель документов shredMARK 22115M, офисный (2*15мм) (шт.)";32130,00;42840,00;"Есть"
"24313";"Уничтожитель документов shredMARK 2401S (4мм) (шт.)";9094,40;11368,00;"Есть"
"24341";"Уничтожитель документов shredMARK 2435S (4мм) (шт.)";5194,00;7420,00;"Есть"
"24371";"Уничтожитель документов shredMARK 2560C, офисный (4*30мм) (шт.)";17766,00;23688,00;"Есть"
"24376";"Уничтожитель документов shredMARK 2880C, офисный (4*30мм) (шт.)";24948,00;33264,00;"Есть"
"24380";"Уничтожитель документов shredMARK 32115C, офисный (4*30мм) (шт.)";31185,00;41580,00;"Есть"
"24375";"Уничтожитель документов shredMARK 3580S, офисный (4мм) (шт.)";24948,00;33264,00;"Есть"
"24302";"Уничтожитель документов shredMARK 501X (4*40мм) (шт.)";1195,60;1708,00;"Есть"
"24304";"Уничтожитель документов shredMARK 502X (4*39мм) (шт.)";872,20;1246,00;"Есть"
"24305";"Уничтожитель документов shredMARK 702X (5*46мм) (шт.)";1183,00;1820,00;"Есть"
"24321";"Уничтожитель документов shredMARK 703XX (3*9мм) (шт.)";2620,80;4032,00;"Есть"
"24309";"Уничтожитель документов shredMARK 715M (3*10мм) (шт.)";1372,00;1960,00;"Есть"
"24301";"Уничтожитель документов shredMARK 814S (6мм) (шт.)";686,00;868,00;"Есть"
"24328";"Уничтожитель документов shredMARK C-22CC (2*2мм) (шт.)";7182,00;9576,00;"Есть"
;"Счетчики банкнот";;;
"25050";"Счетчик банкнот Mark Banknot Counter MBC-100 (шт.)";1974,00;2301,60;"Есть"
"25053";"Счетчик банкнот Mark Banknot Counter MBC-1100CL, с калькуляцией (шт.)";3382,40;4228,00;"Есть"
"25054";"Счетчик банкнот Mark Banknot Counter MBC-3100CL, с калькуляцией (шт.)";5082,00;6776,00;"Есть"
"25051";"Счетчик банкнот MBC-1000 (шт.)";2609,88;2836,96;" "
"25052";"Счетчик банкнот MBC-1003 (шт.)";5880,00;8400,00;" "
"25014";"Счетчик банкнот RBC-1003BK (шт.)";6174,00;8820,00;"Огран.кол-во"
;"Обложки";;;
;"Картонные";;;
"41731";"Обложки bindMARK Кантри А3, белые, картон под кожу (100 шт. в уп) (уп.)";269,36;359,24;"Есть"
"41733";"Обложки bindMARK Кантри А3, темно-синие, картон под кожу (100 шт. в уп) (уп.)";269,36;359,24;300 719
"41732";"Обложки bindMARK Кантри А3, черные, картон под кожу (100 шт. в уп) (уп.)";269,36;359,24;300 719
"41729";"Обложки bindMARK Кантри А4, ассорти (5 цветов), картон под кожу (100 шт. в уп) (уп.)";109,20;145,60;300 719
"41707";"Обложки bindMARK Кантри А4, бежевые, картон под кожу (100 шт. в уп) (уп.)";109,20;145,60;310 819
"41701";"Обложки bindMARK Кантри А4, белые, картон под кожу (100 шт. в уп) (уп.)";109,20;145,60;"Есть"
"41723";"Обложки bindMARK Кантри А4, голубые, картон под кожу (100 шт. в уп) (уп.)";109,20;145,60;"Есть"
"41705";"Обложки bindMARK Кантри А4, зеленые, картон под кожу (100 шт. в уп) (уп.)";109,20;145,60;"Есть"
"41714";"Обложки bindMARK Кантри А4, коричневые, картон под кожу (100 шт. в уп) (уп.)";109,20;145,60;"Есть"
"41704";"Обложки bindMARK Кантри А4, красные, картон под кожу (100 шт. в уп) (уп.)";109,20;145,60;"Есть"
"41719";"Обложки bindMARK Кантри А4, нежно-розовые, картон под кожу (100 шт. в уп) (уп.)";109,20;145,60;"Есть"
"41717";"Обложки bindMARK Кантри А4, оранжевые, картон под кожу (100 шт. в уп) (уп.)";109,20;145,60;"Есть"
"41724";"Обложки bindMARK Кантри А4, темно-синие, картон под кожу (100 шт. в уп) (уп.)";109,20;145,60;"Есть"
"41702";"Обложки bindMARK Кантри А4, черные, картон под кожу (100 шт. в уп) (уп.)";109,20;145,60;300 719
"41629";"Обложки bindMARK Капитал А4, ассорти, глянец (100 шт. в уп) (уп.)";213,64;284,76;"Есть"
"41601";"Обложки bindMARK Капитал А4, белые, глянец (100 шт. в уп) (уп.)";157,92;210,56;"Есть"
"41606";"Обложки bindMARK Капитал А4, желтые, глянец (100 шт. в уп) (уп.)";197,96;264,04;"Есть"
"41605";"Обложки bindMARK Капитал А4, зеленые, глянец (100 шт. в уп) (уп.)";197,96;264,04;"Есть"
"41618";"Обложки bindMARK Капитал А4, золотые, глянец (100 шт. в уп) (уп.)";213,64;284,76;"Есть"
"41604";"Обложки bindMARK Капитал А4, красные, глянец (100 шт. в уп) (уп.)";197,96;264,04;"Есть"
"41619";"Обложки bindMARK Капитал А4, серебряные, глянец (100 шт. в уп) (уп.)";213,64;284,76;" "
"41603";"Обложки bindMARK Капитал А4, синие, глянец (100 шт. в уп) (уп.)";197,96;264,04;"Огран.кол-во"
"41602";"Обложки bindMARK Капитал А4, черные, глянец (100 шт. в уп) (уп.)";197,96;264,04;"Есть"
;"Пластиковые";;;
"40196";"Обложки bindMARK Кристал  А3, 180мкн, бесцветные, ПВХ (100 шт. в уп) (уп.)";310,80;414,40;300 719
"40190";"Обложки bindMARK Кристал  А4, 150мкн, бесцветные, ПВХ (100 шт. в уп) (уп.)";115,36;153,72;"Есть"
"40199";"Обложки bindMARK Кристал  А4, 150мкн, матовые, ПВХ (100 шт. в уп) (уп.)";145,60;224,00;"Есть"
"40029";"Обложки bindMARK Кристал  А4, 180мкн, ассорти, ПВХ (100 шт. в уп) (уп.)";148,40;247,52;"Есть"
"40028";"Обложки bindMARK Кристал  А4, 180мкн, дымчатые, ПВХ (100 шт. в уп) (уп.)";148,40;197,96;"Огран.кол-во"
"40026";"Обложки bindMARK Кристал  А4, 180мкн, желтые, ПВХ (100 шт. в уп) (уп.)";148,40;197,96;"Есть"
"40025";"Обложки bindMARK Кристал  А4, 180мкн, зеленые, ПВХ (100 шт. в уп) (уп.)";148,40;197,96;"Есть"
"40027";"Обложки bindMARK Кристал  А4, 180мкн, коричневые, ПВХ (100 шт. в уп) (уп.)";148,40;197,96;"Есть"
"40024";"Обложки bindMARK Кристал  А4, 180мкн, красные, ПВХ (100 шт. в уп) (уп.)";148,40;197,96;"Есть"
"40023";"Обложки bindMARK Кристал  А4, 180мкн, синие, ПВХ (100 шт. в уп) (уп.)";148,40;197,96;"Есть"
"40192";"Обложки bindMARK Кристал  А4, 200мкн, бесцветные, ПВХ (100 шт. в уп) (уп.)";156,80;209,16;"Есть"
"40193";"Обложки bindMARK Кристал  А4, 250мкн, бесцветные, ПВХ (100 шт. в уп) (уп.)";236,60;315,56;"Есть"
"40301";"Обложки bindMARK Кристал А4, 300/400мкн, бесцветные ""песок"", ПП (100 шт. в уп) (уп.)";290,64;387,52;300 719
"40401";"Обложки bindMARK Кристал А4, 300/400мкн, непрозрачные белые ""песок"", ПП (100 шт. в уп) (уп.)";290,64;387,52;"Есть"
"40404";"Обложки bindMARK Кристал А4, 300/400мкн, непрозрачные красные ""песок"", ПП (100 шт. в уп) (уп.)";290,64;387,52;"Есть"
"40403";"Обложки bindMARK Кристал А4, 300/400мкн, непрозрачные синие ""песок"", ПП (100 шт. в уп) (уп.)";290,64;387,52;300 719
"40402";"Обложки bindMARK Кристал А4, 300/400мкн, непрозрачные черные ""песок"", ПП (100 шт. в уп) (уп.)";290,64;387,52;300 719
;"Термообложки";;;
"41001";"Термообложки bindMARK 1.5 мм, (100 шт. в уп) (уп.)";588,00;784,00;"Есть"
"41002";"Термообложки bindMARK 2 мм, (100 шт. в уп) (уп.)";588,00;784,00;"Есть"
"41003";"Термообложки bindMARK 3 мм, (100 шт. в уп) (уп.)";588,00;784,00;"Есть"
"41004";"Термообложки bindMARK 4 мм, (100 шт. в уп) (уп.)";588,00;784,00;"Есть"
"41006";"Термообложки bindMARK 6 мм, (100 шт. в уп) (уп.)";646,80;862,40;"Есть"
"41009";"Термообложки bindMARK 9 мм, (100 шт. в уп) (уп.)";705,60;940,80;"Есть"
;"Пружины для переплета";;;
;"Металлические 2:1";;;
;"Бобины wireMARK";;;
"47601";"15.9 мм, белые wireMARK (10 500 петель) (боб.)";1484,00;1652,00;"Есть"
"47602";"15.9 мм, черные wireMARK (10 500 петель) (боб.)";1484,00;1652,00;"Есть"
;"A4";;;
"47641";"15.9 мм, белые (25 шт) (уп.)";112,84;161,28;"Есть"
"47642";"15.9 мм, черные (25 шт) (уп.)";112,84;161,28;"Есть"
"47645";"19.0 мм, белые (25 шт) (уп.)";162,40;231,84;"Есть"
"47646";"19.0 мм, черные (25 шт) (уп.)";162,40;231,84;"Есть"
"47649";"22.3 мм, белые (25 шт) (уп.)";208,04;297,36;"Есть"
"47650";"22.3 мм, черные (25 шт) (уп.)";208,04;297,36;"Есть"
"47653";"25.4 мм, белые (25 шт) (уп.)";269,92;385,56;"Есть"
"47654";"25.4 мм, черные (25 шт) (уп.)";269,92;385,56;"Есть"
;"Бобины wireMARK LIGHT";;;
"47711";"19.0 мм, белые wireMARK LIGHT (7 000 петель) (боб.)";1240,96;1370,32;"Есть"
"47712";"19.0 мм, черные wireMARK LIGHT (7 000 петель) (боб.)";1240,96;1370,32;"Есть"
"47721";"22.3 мм, белые wireMARK LIGHT (5 000 петель) (боб.)";1141,00;1225,28;"Есть"
"47722";"22.3 мм, черные wireMARK LIGHT (5 000 петель) (боб.)";1141,00;1225,28;"Есть"
"47731";"25.4 мм, белые wireMARK LIGHT (4 500 петель) (боб.)";1141,00;1225,28;"Есть"
"47732";"25.4 мм, черные wireMARK LIGHT (4 500 петель) (боб.)";1141,00;1225,28;"Есть"
;"Металлические 3:1";;;
;"А4";;;
"47241";"11.1 мм, белые (100 шт.) (уп.)";217,00;309,96;"Есть"
"47242";"11.1 мм, черные (100 шт.) (уп.)";217,00;309,96;"Есть"
"47251";"12.7 мм, белые (100 шт.) (уп.)";264,60;378,00;"Есть"
"47258";"12.7 мм, золото (100 шт.) (уп.)";292,04;417,20;"Есть"
"47259";"12.7 мм, серебро (100 шт.) (уп.)";292,04;417,20;"Есть"
"47252";"12.7 мм, черные (100 шт.) (уп.)";264,60;378,00;"Есть"
"47261";"14.3 мм, белые (100 шт.) (уп.)";315,84;451,08;"Есть"
"47269";"14.3 мм, серебро (100 шт.) (уп.)";313,88;448,56;"Огран.кол-во"
"47262";"14.3 мм, черные (100 шт.) (уп.)";315,84;451,08;"Есть"
"47201";"4.8 мм, белые (100 шт.) (уп.)";132,44;189,00;"Есть"
"47202";"4.8 мм, черные (100 шт.) (уп.)";132,44;189,00;"Есть"
"47211";"6.4 мм, белые (100 шт.) (уп.)";123,48;176,40;"Есть"
"47218";"6.4 мм, золото (100 шт.) (уп.)";141,68;202,44;"Есть"
"47214";"6.4 мм, красные (100 шт.) (уп.)";141,68;202,44;"Есть"
"47219";"6.4 мм, серебро (100 шт.) (уп.)";141,68;202,44;"Есть"
"47213";"6.4 мм, синие (100 шт.) (уп.)";141,68;202,44;"Есть"
"47212";"6.4 мм, черные (100 шт.) (уп.)";123,48;176,40;"Есть"
"47221";"7.9 мм, белые (100 шт.) (уп.)";142,80;204,12;"Есть"
"47225";"7.9 мм, зеленые (100 шт.) (уп.)";181,72;259,56;" "
"47228";"7.9 мм, золото (100 шт.) (уп.)";181,72;259,56;"Есть"
"47224";"7.9 мм, красные (100 шт.) (уп.)";181,72;259,56;" "
"47229";"7.9 мм, серебро (100 шт.) (уп.)";181,72;259,56;"Есть"
"47223";"7.9 мм, синие (100 шт.) (уп.)";181,72;259,56;"Есть"
"47222";"7.9 мм, черные (100 шт.) (уп.)";142,80;204,12;"Есть"
"47231";"9.5 мм, белые (100 шт.) (уп.)";157,08;224,28;"Есть"
"47238";"9.5 мм, золото (100 шт.) (уп.)";199,92;285,60;"Есть"
"47234";"9.5 мм, красные (100 шт.) (уп.)";199,92;285,60;"Есть"
"47239";"9.5 мм, серебро (100 шт.) (уп.)";199,92;285,60;"Есть"
"47232";"9.5 мм, черные (100 шт.) (уп.)";157,08;224,28;"Есть"
;"Бобины wireMARK для автомат. и ручного обжима";;;
"47567";"14.3 мм, бронзовые wireMARK (19 300 петель) (боб.)";2016,00;2304,12;" "
"47518";"6.4 мм, золото wireMARK (84 000 петель) (боб.)";2520,00;2765,00;"Огран.кол-во"
"47514";"6.4 мм, красные wireMARK (84 000 петель) (боб.)";2380,00;2653,28;"Огран.кол-во"
"47513";"6.4 мм, синие wireMARK (84 000 петель) (боб.)";2380,00;2653,28;"Есть"
"47512";"6.4 мм, черные wireMARK (84 000 петель) (боб.)";1932,00;2184,00;"Есть"
"47527";"7.9 мм, бронзовые wireMARK (60 000 петель) (боб.)";2380,00;2632,00;"Огран.кол-во"
"47537";"9.5 мм, бронзовые wireMARK (43 000 петель) (боб.)";2100,00;2296,00;"Есть"
"47534";"9.5 мм, красные wireMARK (43 000 петель) (боб.)";1988,00;2156,00;"Есть"
"47533";"9.5 мм, синие wireMARK (43 000 петель) (боб.)";1988,00;2156,00;"Огран.кол-во"
;"Бобины wireMARK LIGHT для автомат. и ручного обжима";;;
"47841";"11,1 мм, белые wireMARK LIGHT (32 000 петель) (шт.)";1456,00;1618,96;"Есть"
"47842";"11,1 мм, черные wireMARK LIGHT (32 000 петель) (шт.)";1456,00;1618,96;"Есть"
"47851";"12,7 мм, белые wireMARK LIGHT (24 000 петель) (шт.)";1293,60;1486,80;300 919
"47857";"12,7 мм, бронзовые wireMARK LIGHT (24 000 петель) (шт.)";1624,00;1866,76;"Есть"
"47858";"12,7 мм, золото wireMARK LIGHT (24 000 петель) (шт.)";1624,00;1866,76;300 919
"47854";"12,7 мм, красные wireMARK LIGHT (24 000 петель) (шт.)";1540,00;1770,16;"Есть"
"47859";"12,7 мм, серебро wireMARK LIGHT (24 000 петель) (шт.)";1540,00;1770,16;"Есть"
"47852";"12,7 мм, черные wireMARK LIGHT (24 000 петель) (шт.)";1293,60;1486,80;"Есть"
"47861";"14,3 мм, белые wireMARK LIGHT (19 300 петель) (шт.)";1428,00;1641,36;"Есть"
"47867";"14,3 мм, бронзовые wireMARK LIGHT (19 300 петель) (шт.)";1764,00;2027,48;300 919
"47868";"14,3 мм, золото wireMARK LIGHT (19 300 петель) (шт.)";1764,00;2027,48;"Огран.кол-во"
"47869";"14,3 мм, серебро wireMARK LIGHT (19 300 петель) (шт.)";1638,00;1882,72;"Есть"
"47862";"14,3 мм, черные wireMARK LIGHT (19 300 петель) (шт.)";1428,00;1641,36;"Есть"
"47811";"6.4 мм, белые wireMARK LIGHT (84 000 петель) (шт.)";1542,80;1773,24;"Есть"
"47818";"6.4 мм, золото wireMARK LIGHT (84 000 петель) (шт.)";2212,00;2520,00;"Огран.кол-во"
"47814";"6.4 мм, красные wireMARK LIGHT (84 000 петель) (шт.)";2240,00;2380,00;"Огран.кол-во"
"47819";"6.4 мм, серебро wireMARK LIGHT (84 000 петель) (шт.)";2212,00;2520,00;"Есть"
"47812";"6.4 мм, черные wireMARK LIGHT (84 000 петель) (шт.)";1680,00;1773,24;"Есть"
"47821";"7.9 мм, белые wireMARK LIGHT (60 000 петель) (шт.)";1531,60;1760,36;"Есть"
"47827";"7.9 мм, бронзовые wireMARK LIGHT (60 000 петель) (шт.)";2100,00;2413,88;"Огран.кол-во"
"47825";"7.9 мм, зеленые wireMARK LIGHT (60 000 петель) (шт.)";1988,00;2285,08;300 919
"47828";"7.9 мм, золото wireMARK LIGHT (60 000 петель) (шт.)";2100,00;2413,88;"Есть"
"47824";"7.9 мм, красные wireMARK LIGHT (60 000 петель) (шт.)";1988,00;2285,08;"Огран.кол-во"
"47829";"7.9 мм, серебро wireMARK LIGHT (60 000 петель) (шт.)";2100,00;2413,88;"Есть"
"47823";"7.9 мм, синие wireMARK LIGHT (60 000 петель) (шт.)";1988,00;2285,08;"Есть"
"47822";"7.9 мм, черные wireMARK LIGHT (60 000 петель) (шт.)";1531,60;1760,36;"Есть"
"47831";"9,5 мм, белые wireMARK LIGHT (43 000 петель) (шт.)";1428,00;1561,00;"Есть"
"47838";"9,5 мм, золото wireMARK LIGHT (43 000 петель) (шт.)";1932,00;2043,72;"Огран.кол-во"
"47834";"9,5 мм, красные wireMARK LIGHT (43 000 петель) (шт.)";1736,00;1876,00;" "
"47839";"9,5 мм, серебро wireMARK LIGHT (43 000 петель) (шт.)";1932,00;2043,72;"Есть"
"47833";"9,5 мм, синие wireMARK LIGHT (43 000 петель) (шт.)";1736,00;1876,00;300 919
"47832";"9,5 мм, черные wireMARK LIGHT (43 000 петель) (шт.)";1428,00;1561,00;"Есть"
;"Пластиковые 9:16";;;
;"10 мм";;;
"43251";"Пружины пластиковые 10 мм, белые (100 шт.) (уп.)";72,80;96,88;"Есть"
"43256";"Пружины пластиковые 10 мм, желтые (100 шт.) (уп.)";72,80;96,88;"Есть"
"43255";"Пружины пластиковые 10 мм, зеленые (100 шт.) (уп.)";72,80;96,88;"Есть"
"43254";"Пружины пластиковые 10 мм, красные (100 шт.) (уп.)";72,80;96,88;300 719
"43257";"Пружины пластиковые 10 мм, прозрачные (100 шт.) (уп.)";72,80;96,88;300 719
"43253";"Пружины пластиковые 10 мм, синие (100 шт.) (уп.)";72,80;96,88;"Есть"
"43252";"Пружины пластиковые 10 мм, черные (100 шт.) (уп.)";72,80;96,88;"Есть"
;"12 мм";;;
"43311";"Пружины пластиковые 12 мм, белые (100 шт.) (уп.)";100,52;134,12;"Есть"
"43316";"Пружины пластиковые 12 мм, желтые (100 шт.) (уп.)";100,52;134,12;"Есть"
"43315";"Пружины пластиковые 12 мм, зеленые (100 шт.) (уп.)";100,52;134,12;"Есть"
"43314";"Пружины пластиковые 12 мм, красные (100 шт.) (уп.)";100,52;134,12;"Есть"
"43317";"Пружины пластиковые 12 мм, прозрачные (100 шт.) (уп.)";100,52;134,12;"Есть"
"43313";"Пружины пластиковые 12 мм, синие (100 шт.) (уп.)";100,52;134,12;"Есть"
"43312";"Пружины пластиковые 12 мм, черные (100 шт.) (уп.)";100,52;134,12;"Есть"
;"14 мм";;;
"43361";"Пружины пластиковые 14 мм, белые (100 шт.) (уп.)";118,44;157,92;"Есть"
"43366";"Пружины пластиковые 14 мм, желтые (100 шт.) (уп.)";118,44;157,92;"Есть"
"43365";"Пружины пластиковые 14 мм, зеленые (100 шт.) (уп.)";118,44;157,92;"Огран.кол-во"
"43364";"Пружины пластиковые 14 мм, красные (100 шт.) (уп.)";118,44;157,92;"Есть"
"43367";"Пружины пластиковые 14 мм, прозрачные (100 шт.) (уп.)";118,44;157,92;"Есть"
"43363";"Пружины пластиковые 14 мм, синие (100 шт.) (уп.)";118,44;157,92;"Есть"
"43362";"Пружины пластиковые 14 мм, черные (100 шт.) (уп.)";118,44;157,92;"Есть"
;"16 мм";;;
"43411";"Пружины пластиковые 16 мм, белые (100 шт.) (уп.)";149,24;198,80;"Есть"
"43416";"Пружины пластиковые 16 мм, желтые (100 шт.) (уп.)";149,24;198,80;" "
"43415";"Пружины пластиковые 16 мм, зеленые (100 шт.) (уп.)";149,24;198,80;"Есть"
"43414";"Пружины пластиковые 16 мм, красные (100 шт.) (уп.)";149,24;198,80;"Есть"
"43417";"Пружины пластиковые 16 мм, прозрачные (100 шт.) (уп.)";149,24;198,80;"Есть"
"43413";"Пружины пластиковые 16 мм, синие (100 шт.) (уп.)";149,24;198,80;"Есть"
"43412";"Пружины пластиковые 16 мм, черные (100 шт.) (уп.)";149,24;198,80;"Есть"
;"19 мм";;;
"43471";"Пружины пластиковые 19 мм, белые (100 шт.) (уп.)";179,48;239,12;300 719
"43475";"Пружины пластиковые 19 мм, зеленые (100 шт.) (уп.)";179,48;239,12;"Есть"
"43474";"Пружины пластиковые 19 мм, красные (100 шт.) (уп.)";179,48;239,12;"Есть"
"43477";"Пружины пластиковые 19 мм, прозрачные (100 шт.) (уп.)";179,48;239,12;300 719
"43473";"Пружины пластиковые 19 мм, синие (100 шт.) (уп.)";179,48;239,12;"Есть"
"43472";"Пружины пластиковые 19 мм, черные (100 шт.) (уп.)";179,48;239,12;"Есть"
;"22 мм";;;
"43551";"Пружины пластиковые 22 мм, белые (50 шт) (уп.)";117,32;156,52;"Есть"
"43556";"Пружины пластиковые 22 мм, желтые (50 шт.) (уп.)";117,32;156,52;" "
"43555";"Пружины пластиковые 22 мм, зеленые (50 шт.) (уп.)";117,32;156,52;"Есть"
"43554";"Пружины пластиковые 22 мм, красные (50 шт.) (уп.)";117,32;156,52;"Есть"
"43557";"Пружины пластиковые 22 мм, прозрачные (50 шт.) (уп.)";117,32;156,52;"Есть"
"43553";"Пружины пластиковые 22 мм, синие (50 шт.) (уп.)";117,32;156,52;"Есть"
"43552";"Пружины пластиковые 22 мм, черные (50 шт) (уп.)";117,32;156,52;"Есть"
;"25 мм";;;
"43601";"Пружины пластиковые 25 мм, белые (50 шт) (уп.)";157,64;210,00;"Есть"
"43605";"Пружины пластиковые 25 мм, зеленые (50 шт.) (уп.)";157,64;210,00;"Есть"
"43604";"Пружины пластиковые 25 мм, красные (50 шт) (уп.)";157,64;210,00;"Есть"
"43607";"Пружины пластиковые 25 мм, прозрачные (50 шт.) (уп.)";157,64;210,00;"Есть"
"43603";"Пружины пластиковые 25 мм, синие (50 шт) (уп.)";157,64;210,00;"Есть"
"43602";"Пружины пластиковые 25 мм, черные (50 шт) (уп.)";157,64;210,00;"Есть"
;"28 мм";;;
"43651";"Пружины пластиковые 28 мм, белые (50 шт.) (уп.)";179,76;239,68;"Есть"
"43655";"Пружины пластиковые 28 мм, зеленые (50 шт.) (уп.)";179,76;239,68;" "
"43654";"Пружины пластиковые 28 мм, красные (50 шт.) (уп.)";179,76;239,68;"Есть"
"43657";"Пружины пластиковые 28 мм, прозрачные (50 шт.) (уп.)";179,76;239,68;"Есть"
"43653";"Пружины пластиковые 28 мм, синие (50 шт.) (уп.)";179,76;239,68;"Есть"
"43652";"Пружины пластиковые 28 мм, черные (50 шт.) (уп.)";179,76;239,68;300 719
;"32 мм";;;
"43751";"Пружины пластиковые 32 мм, белые (50 шт.) (уп.)";207,20;276,08;"Есть"
"43754";"Пружины пластиковые 32 мм, красные (50 шт.) (уп.)";207,20;276,08;" "
"43757";"Пружины пластиковые 32 мм, прозрачные (50 шт.) (уп.)";207,20;276,08;"Есть"
"43753";"Пружины пластиковые 32 мм, синие (50 шт.) (уп.)";207,20;276,08;"Есть"
"43752";"Пружины пластиковые 32 мм, черные (50 шт.) (уп.)";207,20;276,08;"Есть"
;"38 мм";;;
"43801";"Пружины пластиковые 38 мм, белые (50шт.) (уп.)";220,08;293,44;"Есть"
"43804";"Пружины пластиковые 38 мм, красные (50шт.) (уп.)";220,08;293,44;" "
"43803";"Пружины пластиковые 38 мм, синие (50 шт) (уп.)";220,08;293,44;300 719
"43802";"Пружины пластиковые 38 мм, черные (50шт.) (уп.)";220,08;293,44;"Есть"
;"45 мм";;;
"43851";"Пружины пластиковые 45 мм, белые (50 шт) (уп.)";233,24;310,80;300 719
"43864";"Пружины пластиковые 45 мм, красные (50 шт) (уп.)";233,24;310,80;" "
"43867";"Пружины пластиковые 45 мм, прозрачные (50 шт) (уп.)";233,24;310,80;"Есть"
"43853";"Пружины пластиковые 45 мм, синие (50 шт) (уп.)";233,24;310,80;"Есть"
"43852";"Пружины пластиковые 45 мм, черные (50 шт.) (уп.)";233,24;310,80;300 719
;"51 мм";;;
"43901";"Пружины пластиковые 51 мм, белые (50 шт.) (уп.)";254,24;338,80;"Есть"
"43904";"Пружины пластиковые 51 мм, красные (50 шт) (уп.)";254,24;338,80;"Есть"
"43907";"Пружины пластиковые 51 мм, прозрачные (50 шт) (уп.)";254,24;338,80;"Есть"
"43903";"Пружины пластиковые 51 мм, синие (50 шт) (уп.)";254,24;338,80;"Есть"
"43902";"Пружины пластиковые 51 мм, черные (50 шт.) (уп.)";254,24;338,80;"Есть"
;"6 мм";;;
"43151";"Пружины пластиковые 6 мм, белые (100 шт) (уп.)";50,68;67,48;"Есть"
"43156";"Пружины пластиковые 6 мм, желтые (100 шт.) (уп.)";50,68;67,48;"Есть"
"43155";"Пружины пластиковые 6 мм, зеленые (100 шт.) (уп.)";50,68;67,48;300 719
"43154";"Пружины пластиковые 6 мм, красные (100 шт.) (уп.)";50,68;67,48;"Есть"
"43157";"Пружины пластиковые 6 мм, прозрачные (100 шт) (уп.)";50,68;67,48;"Есть"
"43153";"Пружины пластиковые 6 мм, синие (100 шт) (уп.)";50,68;67,48;"Есть"
"43152";"Пружины пластиковые 6 мм, черные (100 шт.) (уп.)";50,68;67,48;"Есть"
;"8 мм";;;
"43201";"Пружины пластиковые 8 мм, белые (100 шт.) (уп.)";62,72;83,44;"Есть"
"43206";"Пружины пластиковые 8 мм, желтые (100 шт.) (уп.)";62,72;83,44;"Есть"
"43205";"Пружины пластиковые 8 мм, зеленые (100 шт) (уп.)";62,72;83,44;"Есть"
"43204";"Пружины пластиковые 8 мм, красные (100 шт.) (уп.)";62,72;83,44;"Есть"
"43207";"Пружины пластиковые 8 мм, прозрачные (100 шт) (уп.)";62,72;83,44;"Есть"
"43203";"Пружины пластиковые 8 мм, синие (100 шт) (уп.)";62,72;83,44;"Есть"
"43202";"Пружины пластиковые 8 мм, черные (100 шт.) (уп.)";62,72;83,44;"Есть"
;"Пластиковые зажимы /50шт/";;;
"46031";"Пресс биндер 10мм белый /50шт/ (уп.)";191,24;273,00;"Огран.кол-во"
"46032";"Пресс биндер 10мм черный /50шт/ (уп.)";191,24;273,00;"Есть"
"46041";"Пресс биндер 12мм белый /50шт/ (уп.)";191,24;273,00;"Есть"
"46042";"Пресс биндер 12мм черный /50шт/ (уп.)";191,24;273,00;310 819
"46051";"Пресс биндер 15мм белый /50шт/ (уп.)";191,24;273,00;"Есть"
"46052";"Пресс биндер 15мм черный /50шт/ (уп.)";191,24;273,00;" "
"46061";"Пресс биндер 17мм белый /50шт/ (уп.)";191,24;273,00;"Есть"
"46062";"Пресс биндер 17мм черный /50шт/ (уп.)";191,24;273,00;"Есть"
"46071";"Пресс биндер 20мм белый /50шт/ (уп.)";191,24;273,00;"Есть"
"46072";"Пресс биндер 20мм черный /50шт/ (уп.)";191,24;273,00;"Огран.кол-во"
"46001";"Пресс биндер 3мм белый /50шт/ (уп.)";191,24;273,00;"Есть"
"46003";"Пресс биндер 3мм синий /50шт/ (уп.)";191,24;273,00;"Есть"
"46002";"Пресс биндер 3мм черный /50шт/ (уп.)";191,24;273,00;"Есть"
"46011";"Пресс биндер 5мм белый /50шт/ (уп.)";191,24;273,00;"Есть"
"46013";"Пресс биндер 5мм синий /50шт/ (уп.)";191,24;273,00;"Есть"
"46012";"Пресс биндер 5мм черный /50шт/ (уп.)";191,24;273,00;"Есть"
"46021";"Пресс биндер 7,5мм белый /50шт/ (уп.)";191,24;273,00;"Есть"
"46023";"Пресс биндер 7,5мм синий /50шт/ (уп.)";191,24;273,00;" "
"46022";"Пресс биндер 7,5мм черный /50шт/ (уп.)";191,24;273,00;310 819
;"Пленка для ламинирования листовая";;;
;"65 х 95";;;
"50163";"Пленка lamiMARK 65 х 95, 100 (уп.)";19,32;25,76;"Есть"
"50164";"Пленка lamiMARK 65 х 95, 125 (уп.)";23,52;31,64;"Есть"
"50168";"Пленка lamiMARK 65 х 95, 250 (уп.)";61,32;82,04;"Есть"
"50161";"Пленка lamiMARK 65 х 95, 75 (уп.)";16,24;21,56;"Есть"
;"75 х 105";;;
"50204";"Пленка lamiMARK 75 х 105, 125 (уп.)";40,32;53,76;"Есть"
"50202";"Пленка lamiMARK 75 х 105, 80 (уп.)";25,20;33,88;"Есть"
;"80 х 111";;;
"50252";"Пленка lamiMARK 80 x 111,  80 (уп.)";27,16;36,12;"Есть"
"50253";"Пленка lamiMARK 80 x 111, 100 (уп.)";37,24;49,56;"Есть"
"50282";"Пленка RS 80 x 111,  80 (уп.)";38,64;55,16;"Есть"
;"85 х 120";;;
"50313";"Пленка lamiMARK 85 х 120, 100 (уп.)";40,88;54,32;"Есть"
"50314";"Пленка lamiMARK 85 х 120, 125 (уп.)";50,96;68,04;"Есть"
;"А3 303 х 426";;;
"50653";"Пленка lamiMARK А3, 100 (уп.)";327,88;437,08;"Есть"
"50654";"Пленка lamiMARK А3, 125 (уп.)";406,84;542,36;"Есть"
"50655";"Пленка lamiMARK А3, 150 (уп.)";595,84;794,64;"Есть"
"50656";"Пленка lamiMARK А3, 175 (уп.)";630,00;840,28;"Есть"
"50657";"Пленка lamiMARK А3, 200 (уп.)";879,76;1173,20;"Есть"
"50658";"Пленка lamiMARK А3, 250 (уп.)";947,80;1263,64;"Есть"
"50650";"Пленка lamiMARK А3, 60 (уп.)";215,60;287,28;230 819
"50651";"Пленка lamiMARK А3, 75 (уп.)";239,68;319,76;"Есть"
"50652";"Пленка lamiMARK А3, 80 (уп.)";274,12;365,40;"Есть"
"50686";"Пленка RS А3, 175 (уп.)";816,76;1167,04;"Есть"
;"А4 216 х 303";;;
"50603";"Пленка lamiMARK A4, 100 (уп.)";154,84;206,36;"Есть"
"50604";"Пленка lamiMARK A4, 125 (уп.)";206,64;275,52;"Есть"
"50605";"Пленка lamiMARK A4, 150 (уп.)";254,52;339,08;"Есть"
"50606";"Пленка lamiMARK A4, 175 (уп.)";299,88;399,56;"Есть"
"50607";"Пленка lamiMARK A4, 200 (уп.)";418,60;558,32;"Есть"
"50608";"Пленка lamiMARK A4, 250 (уп.)";445,48;593,88;"Есть"
"50600";"Пленка lamiMARK A4, 60 (уп.)";105,00;140,00;"Есть"
"50601";"Пленка lamiMARK A4, 75 (уп.)";122,64;163,24;"Есть"
"50602";"Пленка lamiMARK A4, 80 (уп.)";136,92;182,84;"Есть"
;"А5 154 х 216";;;
"50563";"Пленка lamiMARK А5, 100 (уп.)";92,96;132,72;"Есть"
"50564";"Пленка lamiMARK А5, 125 (уп.)";162,68;217,00;"Есть"
"50565";"Пленка lamiMARK А5, 150 (уп.)";185,36;246,96;230 819
"50566";"Пленка lamiMARK А5, 175 (уп.)";241,36;321,72;"Есть"
"50568";"Пленка lamiMARK А5, 250 (уп.)";306,88;409,08;"Есть"
"50561";"Пленка lamiMARK А5, 75 (уп.)";75,88;101,08;"Есть"
"50588";"Пленка RS А5, 250 (уп.)";519,12;679,28;"Есть"
;"А6 111 х 154";;;
"50503";"Пленка lamiMARK А6, 100 (уп.)";45,08;59,92;"Есть"
"50504";"Пленка lamiMARK А6, 125 (уп.)";73,36;97,72;"Есть"
"50505";"Пленка lamiMARK А6, 150 (уп.)";102,76;137,20;"Есть"
"50508";"Пленка lamiMARK А6, 250 (уп.)";165,20;220,36;"Есть"
"50502";"Пленка lamiMARK А6, 80 (уп.)";37,52;50,12;"Есть"
"50538";"Пленка RS А6, 250 (уп.)";235,76;336,56;"Есть"
;"Конверты для ламинирования";;;
"50959";"Конверты для ламинирования А3 (шт.)";27,44;39,20;"Есть"
"50958";"Конверты для ламинирования А4 (шт.)";14,84;21,28;"Есть"
"50956";"Конверты для ламинирования бэджей (шт.)";5,04;7,00;"Есть"
;"Пленка для ламинирования матовая";;;
"50813";"Пленка lamiMARK А3, 100 мик, мат/мат (уп.)";838,04;1197,00;"Есть"
"50814";"Пленка lamiMARK А3, 125 мик, мат/мат (уп.)";1052,52;1503,60;230 819
"50816";"Пленка lamiMARK А3, 175 мик, мат/мат (уп.)";1545,60;2207,80;"Есть"
"50818";"Пленка lamiMARK А3, 250 мик, мат/мат (уп.)";2104,20;3005,80;"Есть"
"50812";"Пленка lamiMARK А3, 80 мик, мат/мат (уп.)";735,56;1050,84;"Есть"
"50803";"Пленка lamiMARK А4, 100 мик, мат/мат (уп.)";431,20;616,00;"Есть"
"50804";"Пленка lamiMARK А4, 125 мик, мат/мат (уп.)";597,80;854,00;"Есть"
"50805";"Пленка lamiMARK А4, 150 мик, мат/мат (уп.)";725,20;1036,00;"Есть"
"50806";"Пленка lamiMARK А4, 175 мик, мат/мат (уп.)";820,96;1172,92;"Есть"
"50808";"Пленка lamiMARK А4, 250 мик, мат/мат (уп.)";1097,60;1568,00;"Есть"
"50802";"Пленка lamiMARK А4, 80 мик, мат/мат (уп.)";362,60;518,00;"Есть"
"50883";"Пленка PKC SRА3 326x460, 100 мик, мат/мат (уп.)";1078,00;1540,00;" "
"50886";"Пленка PKC SRА3 326x460, 175 мик, мат/мат (уп.)";1960,00;2800,00;"Есть"
"50881";"Пленка PKC SRА3 326x460, 75 мик, мат/мат (уп.)";882,00;1260,00;310 719
"50863";"Пленка PKC А3, 100 мик, мат/мат (уп.)";879,76;1256,64;"Есть"
"50864";"Пленка PKC А3, 125 мик, мат/мат (уп.)";1157,80;1653,96;"Огран.кол-во"
"50866";"Пленка PKC А3, 175 мик, мат/мат (уп.)";1777,44;2539,04;"Есть"
"50868";"Пленка PKC А3, 250 мик, мат/мат (уп.)";2419,76;3456,60;"Огран.кол-во"
"50862";"Пленка PKC А3, 80 мик, мат/мат (уп.)";809,20;1155,84;"Есть"
"50853";"Пленка PKC А4, 100 мик, мат/мат (уп.)";452,76;646,80;"Есть"
"50854";"Пленка PKC А4, 125 мик, мат/мат (уп.)";627,48;896,56;310 719
"50855";"Пленка PKC А4, 150 мик, мат/мат (уп.)";797,72;1139,60;"Есть"
"50856";"Пленка PKC А4, 175 мик, мат/мат (уп.)";944,16;1348,76;"Есть"
"50858";"Пленка PKC А4, 250 мик, мат/мат (уп.)";1207,36;1724,80;"Огран.кол-во"
"50852";"Пленка PKC А4, 80 мик, мат/мат (уп.)";399,00;569,80;"Есть"
;"Пленка специальная";;;
"50941";"Пенокартон 115*165 (уп.)";205,80;294,00;"Есть"
"50925";"Пленка Magnet 110*160, 75 мик (3 шт.) (уп.)";34,44;49,00;"Есть"
"50976";"Пленка самоклеющаяся lamiMARK А3, 100 мик (уп.)";1359,40;1941,80;"Есть"
"50975";"Пленка самоклеющаяся lamiMARK А3, 80 мик (уп.)";1228,92;1755,60;"Есть"
"50986";"Пленка самоклеющаяся RS А3, 100 мик (уп.)";1359,40;1941,80;"Есть"
"50987";"Пленка самоклеющаяся RS А3, 125 мик (уп.)";1228,92;1755,60;"Огран.кол-во"
;"SR A3 326 x 457";;;
"50703";"Пленка lamiMARK SR А3, 100 (уп.)";390,32;557,48;"Есть"
"50704";"Пленка lamiMARK SR А3, 125 (уп.)";534,80;764,12;"Есть"
"50707";"Пленка lamiMARK SR А3, 200 (уп.)";940,80;1344,00;"Есть"
"50701";"Пленка lamiMARK SR А3, 75 (уп.)";308,56;440,72;"Есть"
;"90 x 130";;;
"50353";"Пленка lamiMARK 90 х 130, 100 (уп.)";45,36;60,48;"Есть"
;"Пленка для ламинирования рулонная";;;
;"Офисная";;;
;"lamiMARK";;;
"52382";"Пленка рулонная lamiMARK 1000 мм, 150 м, 38 мик, втулка 57 (рул.)";617,40;882,00;230 819
"52387";"Пленка рулонная lamiMARK 1000 мм, 150 м, 75 мик, втулка 57 (рул.)";1675,80;2394,00;"Есть"
"52116";"Пленка рулонная lamiMARK 305 мм, 150 м, 75 мик (рул.)";511,28;730,24;"Есть"
"52105";"Пленка рулонная lamiMARK 305 мм, 200 м, 32 мик (рул.)";251,16;358,68;"Есть"
"52201";"Пленка рулонная lamiMARK 305 мм, 200 м, 32 мик, матовая (рул.)";956,48;1195,60;"Есть"
"52118";"Пленка рулонная lamiMARK 305 мм, 75 м, 125 мик (рул.)";493,08;704,48;"Есть"
"52106";"Пленка рулонная lamiMARK 310 мм, 200 м, 32 мик (рул.)";255,08;364,56;"Есть"
"52107";"Пленка рулонная lamiMARK 320 мм, 200 м, 32 мик (рул.)";263,48;376,32;"Есть"
"52203";"Пленка рулонная lamiMARK 320 мм, 200 м, 32 мик, матовая (рул.)";1003,52;1254,40;"Есть"
"52108";"Пленка рулонная lamiMARK 330 мм, 200 м, 32 мик (рул.)";271,60;388,08;"Есть"
"52156";"Пленка рулонная lamiMARK 457 мм, 150 м, 75 мик (рул.)";765,80;1093,96;"Есть"
"52109";"Пленка рулонная lamiMARK 457 мм, 200 м, 32 мик (рул.)";376,04;537,32;"Есть"
"52207";"Пленка рулонная lamiMARK 457 мм, 200 м, 32 мик, матовая (рул.)";1433,04;1791,44;"Есть"
"52180";"Пленка рулонная lamiMARK 635 мм, 100 м, 100 мик (рул.)";1211,56;1730,68;"Есть"
"52178";"Пленка рулонная lamiMARK 635 мм, 150 м, 75 мик (рул.)";1064,00;1520,12;"Есть"
"52110";"Пленка рулонная lamiMARK 635 мм, 200 м, 32 мик (рул.)";522,76;746,76;"Есть"
"52208";"Пленка рулонная lamiMARK 635 мм, 200 м, 32 мик, матовая (рул.)";1991,36;2489,20;"Есть"
"52179";"Пленка рулонная lamiMARK 635 мм, 75 м, 125 мик (рул.)";1026,76;1466,92;"Есть"
;"PKC";;;
"52230";"Пленка рулонная BOPP PKC, 305 мм, 200 м, 24 мик, глянцевая (рул.)";239,12;341,60;"Огран.кол-во"
"52330";"Пленка рулонная BOPP PKC, 305 мм, 200 м, 27 мик, матовая (рул.)";274,96;392,84;"Есть"
"52231";"Пленка рулонная BOPP PKC, 310 мм, 200 м, 24 мик, глянцевая (рул.)";243,04;347,20;"Есть"
"52331";"Пленка рулонная BOPP PKC, 310 мм, 200 м, 27 мик, матовая (рул.)";279,44;399,28;"Есть"
"52232";"Пленка рулонная BOPP PKC, 320 мм, 200 м, 24 мик, глянцевая (рул.)";250,88;358,40;"Есть"
"52332";"Пленка рулонная BOPP PKC, 320 мм, 200 м, 27 мик, матовая (рул.)";288,40;412,16;310 719
"52233";"Пленка рулонная BOPP PKC, 330 мм, 200 м, 24 мик, глянцевая (рул.)";258,72;369,60;"Есть"
"52235";"Пленка рулонная BOPP PKC, 350 мм, 200 м, 24 мик, глянцевая (рул.)";274,40;392,00;"Есть"
"52244";"Пленка рулонная BOPP PKC, 440 мм, 200 м, 24 мик, глянцевая (рул.)";344,96;492,80;"Есть"
"52344";"Пленка рулонная BOPP PKC, 440 мм, 200 м, 27 мик, матовая (рул.)";396,76;566,72;"Есть"
"52263";"Пленка рулонная BOPP PKC, 630 мм, 200 м, 24 мик, глянцевая (рул.)";493,92;705,60;"Есть"
"52363";"Пленка рулонная BOPP PKC, 630 мм, 200 м, 27 мик, матовая (рул.)";568,12;811,44;"Есть"
"52141";"Пленка рулонная PKC DigiMelt глянец 305 мм 200 м, 34 мик (рул.)";394,52;563,64;"Есть"
"52143";"Пленка рулонная PKC DigiMelt глянец 320 мм 200 м, 34 мик (рул.)";413,84;591,36;"Есть"
"52144";"Пленка рулонная PKC DigiMelt глянец 330 мм 200 м, 34 мик (рул.)";427,00;609,84;"Есть"
"52145";"Пленка рулонная PKC DigiMelt глянец 350 мм 200 м, 34 мик (рул.)";452,76;646,80;"Есть"
"52147";"Пленка рулонная PKC DigiMelt глянец 450 мм 200 м, 34 мик (рул.)";582,12;831,60;"Есть"
"52161";"Пленка рулонная PKC DigiMelt матовая 305 мм 200 м, 34 мик (рул.)";430,36;614,88;"Есть"
"52163";"Пленка рулонная PKC DigiMelt матовая 320 мм 200 м, 34 мик (рул.)";451,64;645,12;"Есть"
"52164";"Пленка рулонная PKC DigiMelt матовая 330 мм 200 м, 34 мик (рул.)";465,64;665,28;"Есть"
"52165";"Пленка рулонная PKC DigiMelt матовая 350 мм 200 м, 34 мик (рул.)";493,92;705,60;"Есть"
"52167";"Пленка рулонная PKC DigiMelt матовая 450 мм 200 м, 34 мик (рул.)";635,04;907,20;310 719
"52181";"Пленка рулонная PKC Soft-Velvet 330 мм 200 м, 38 мик (рул.)";1293,60;1848,00;"Есть"
"52183";"Пленка рулонная PKC Soft-Velvet 450 мм 200 м, 38 мик (рул.)";1764,00;2520,00;"Есть"
;"Промышленная";;;
;"Royal Sovereign";;;
"51163";"Пленка рулонная RS, 630 мм, 1000 м, 25 мик, глянцевая (рул.)";3810,80;4762,80;"Есть"
;"PKC (Premium Korean Quality)";;;
"51070";"Пленка PET металлизированная, золото, 500 мм, 3000 м (рул.)";" ";21840,00;" "
"51050";"Пленка PET металлизированная, серебро, 500 мм, 3000 м (рул.)";" ";13440,00;" "
"51069";"Пленка PET металлизированная, серебро, 690 мм, 3000 м (рул.)";" ";18547,20;"Огран.кол-во"
"51075";"Пленка рулонная PKC Anti-Scuff 320 мм 1000 м, 31 мик (рул.)";4730,88;5617,92;" "
"51076";"Пленка рулонная PKC Anti-Scuff 330 мм 1000 м, 31 мик (рул.)";4878,72;5793,48;" "
"51077";"Пленка рулонная PKC Anti-Scuff 350 мм 1000 м, 31 мик (рул.)";5174,40;6144,60;" "
"51078";"Пленка рулонная PKC Anti-Scuff 450 мм 2000 м, 31 мик (рул.)";13305,60;15800,40;" "
"51020";"Пленка рулонная PKC DigiMelt глянец 305 мм 1000 м, 34 мик (рул.)";1708,00;2028,32;"Есть"
"51021";"Пленка рулонная PKC DigiMelt глянец 320 мм 1000 м, 34 мик (рул.)";1792,00;2128,00;"Есть"
"51022";"Пленка рулонная PKC DigiMelt глянец 330 мм 1000 м, 34 мик (рул.)";1848,00;2194,64;"Есть"
"51023";"Пленка рулонная PKC DigiMelt глянец 350 мм 1000 м, 34 мик (рул.)";1960,00;2327,64;"Есть"
"51024";"Пленка рулонная PKC DigiMelt глянец 450 мм 1000 м, 34 мик (рул.)";2520,00;3024,00;"Есть"
"51026";"Пленка рулонная PKC DigiMelt матовая 305 мм 1000 м, 34 мик (рул.)";2049,60;2434,04;"Огран.кол-во"
"51027";"Пленка рулонная PKC DigiMelt матовая 320 мм 1000 м, 34 мик (рул.)";2150,40;2553,60;"Есть"
"51028";"Пленка рулонная PKC DigiMelt матовая 330 мм 1000 м, 34 мик (рул.)";2217,60;2633,40;"Есть"
"51029";"Пленка рулонная PKC DigiMelt матовая 350 мм 1000 м, 34 мик (рул.)";2352,00;2793,00;"Есть"
"51030";"Пленка рулонная PKC DigiMelt матовая 450 мм 1000 м, 34 мик (рул.)";3024,00;3591,00;"Есть"
"51072";"Пленка рулонная PKC Soft-Velvet 330 мм 1000 м, 38 мик (шт.)";6468,00;8316,00;"Огран.кол-во"
"51073";"Пленка рулонная PKC Soft-Velvet 450 мм 1000 м, 38 мик (шт.)";8820,00;11340,00;" "
"51074";"Пленка рулонная PKC Soft-Velvet 490 мм 1000 м, 38 мик (рул.)";9604,00;12348,00;" "
"52430";"Пленка рулонная PKC, 305 мм, 2000 м, 24 мик, глянцевая (рул.)";1524,32;1930,88;" "
"52530";"Пленка рулонная PKC, 305 мм, 2000 м, 27 мик, матовая (рул.)";1706,32;2190,44;"Есть"
"52630";"Пленка рулонная PKC, 305 мм, 3000 м, 24 мик, глянцевая (рул.)";2286,76;2896,60;" "
"52730";"Пленка рулонная PKC, 305 мм, 3000 м, 27 мик, матовая (рул.)";2559,48;3285,80;"Есть"
"52431";"Пленка рулонная PKC, 310 мм, 2000 м, 24 мик, глянцевая (рул.)";1549,52;1962,52;"Огран.кол-во"
"52631";"Пленка рулонная PKC, 310 мм, 3000 м, 24 мик, глянцевая (рул.)";2324,00;2943,92;" "
"52432";"Пленка рулонная PKC, 320 мм, 2000 м, 24 мик, глянцевая (рул.)";1599,36;2025,80;"Есть"
"52532";"Пленка рулонная PKC, 320 мм, 2000 м, 27 мик, матовая (рул.)";1790,32;2298,24;"Есть"
"52632";"Пленка рулонная PKC, 320 мм, 3000 м, 24 мик, глянцевая (рул.)";2399,04;3038,84;"Есть"
"52732";"Пленка рулонная PKC, 320 мм, 3000 м, 27 мик, матовая (рул.)";2685,20;3447,36;"Есть"
"53732";"Пленка рулонная PKC, 320 мм, 4000 м, 20 мик, глянцевая (рул.)";2831,36;3330,88;"Есть"
"52433";"Пленка рулонная PKC, 330 мм, 2000 м, 24 мик, глянцевая (рул.)";1649,48;2089,08;"Есть"
"52533";"Пленка рулонная PKC, 330 мм, 2000 м, 27 мик, матовая (рул.)";1846,04;2370,20;" "
"52633";"Пленка рулонная PKC, 330 мм, 3000 м, 24 мик, глянцевая (рул.)";2474,08;3133,76;"Есть"
"52733";"Пленка рулонная PKC, 330 мм, 3000 м, 27 мик, матовая (рул.)";2769,20;3555,16;"Есть"
"53733";"Пленка рулонная PKC, 330 мм, 4000 м, 20 мик, глянцевая (рул.)";2919,84;3435,04;"Есть"
"53833";"Пленка рулонная PKC, 330 мм, 4000 м, 21 мик, матовая (рул.)";3326,40;3913,56;" "
"52435";"Пленка рулонная PKC, 350 мм, 2000 м, 24 мик, глянцевая (рул.)";1749,44;2215,92;"Есть"
"52535";"Пленка рулонная PKC, 350 мм, 2000 м, 27 мик, матовая (рул.)";1958,04;2513,84;" "
"52635";"Пленка рулонная PKC, 350 мм, 3000 м, 24 мик, глянцевая (рул.)";2623,88;3323,60;"Есть"
"52735";"Пленка рулонная PKC, 350 мм, 3000 м, 27 мик, матовая (рул.)";2937,20;3770,48;"Есть"
"52637";"Пленка рулонная PKC, 370 мм, 3000 м, 24 мик, глянцевая (рул.)";2766,12;3512,04;"Есть"
"52737";"Пленка рулонная PKC, 370 мм, 3000 м, 27 мик, матовая (рул.)";3104,92;3985,80;"Есть"
"52640";"Пленка рулонная PKC, 400 мм, 3000 м, 24 мик, глянцевая (рул.)";2998,80;3798,48;"Есть"
"52740";"Пленка рулонная PKC, 400 мм, 3000 м, 27 мик, матовая (рул.)";3356,64;4309,20;"Есть"
"53740";"Пленка рулонная PKC, 400 мм, 4000 м, 20 мик, глянцевая (рул.)";3539,20;4163,88;" "
"53840";"Пленка рулонная PKC, 400 мм, 4000 м, 21 мик, матовая (рул.)";4032,00;4743,48;"Есть"
"52642";"Пленка рулонная PKC, 420 мм, 3000 м, 24 мик, глянцевая (рул.)";3148,88;3988,32;"Огран.кол-во"
"52742";"Пленка рулонная PKC, 420 мм, 3000 м, 27 мик, матовая (рул.)";3524,36;4524,80;"Есть"
"52444";"Пленка рулонная PKC, 440 мм, 2000 м, 24 мик, глянцевая (рул.)";2199,12;2785,44;"Есть"
"52544";"Пленка рулонная PKC, 440 мм, 2000 м, 27 мик, матовая (рул.)";2461,48;3160,08;"Есть"
"52644";"Пленка рулонная PKC, 440 мм, 3000 м, 24 мик, глянцевая (рул.)";3298,68;4178,44;"Есть"
"52744";"Пленка рулонная PKC, 440 мм, 3000 м, 27 мик, матовая (рул.)";3692,36;4740,12;"Есть"
"53744";"Пленка рулонная PKC, 440 мм, 4000 м, 20 мик, глянцевая (рул.)";3893,12;4580,24;"Есть"
"53844";"Пленка рулонная PKC, 440 мм, 4000 м, 21 мик, матовая (рул.)";4435,20;5217,80;"Есть"
"52445";"Пленка рулонная PKC, 450 мм, 2000 м, 24 мик, глянцевая (рул.)";2249,24;2849,00;"Огран.кол-во"
"52545";"Пленка рулонная PKC, 450 мм, 2000 м, 27 мик, матовая (рул.)";2517,48;3232,04;"Есть"
"52645";"Пленка рулонная PKC, 450 мм, 3000 м, 24 мик, глянцевая (рул.)";3373,72;4273,36;"Есть"
"52745";"Пленка рулонная PKC, 450 мм, 3000 м, 27 мик, матовая (рул.)";3776,36;4847,92;"Есть"
"53845";"Пленка рулонная PKC, 450 мм, 4000 м, 21 мик, матовая (рул.)";4536,00;5336,52;" "
"52447";"Пленка рулонная PKC, 470 мм, 2000 м, 24 мик, глянцевая (рул.)";2349,20;2975,56;" "
"52647";"Пленка рулонная PKC, 470 мм, 3000 м, 24 мик, глянцевая (рул.)";3523,52;4463,20;"Есть"
"52449";"Пленка рулонная PKC, 490 мм, 2000 м, 24 мик, глянцевая (рул.)";2449,16;3102,12;"Огран.кол-во"
"52549";"Пленка рулонная PKC, 490 мм, 2000 м, 27 мик, матовая (рул.)";2741,20;3519,32;"Есть"
"52649";"Пленка рулонная PKC, 490 мм, 3000 м, 24 мик, глянцевая (рул.)";3673,60;4653,04;"Есть"
"52749";"Пленка рулонная PKC, 490 мм, 3000 м, 27 мик, матовая (рул.)";4111,80;5278,84;"Есть"
"53749";"Пленка рулонная PKC, 490 мм, 4000 м, 20 мик, глянцевая (рул.)";4335,52;5100,48;"Есть"
"53849";"Пленка рулонная PKC, 490 мм, 4000 м, 21 мик, матовая (рул.)";4939,20;5810,84;310 719
"52450";"Пленка рулонная PKC, 500 мм, 2000 м, 24 мик, глянцевая (рул.)";2499,00;3165,40;" "
"52550";"Пленка рулонная PKC, 500 мм, 2000 м, 27 мик, матовая (рул.)";2797,20;3591,00;" "
"52650";"Пленка рулонная PKC, 500 мм, 3000 м, 24 мик, глянцевая (рул.)";3748,64;4748,24;"Есть"
"52750";"Пленка рулонная PKC, 500 мм, 3000 м, 27 мик, матовая (рул.)";4200,00;4987,64;"Есть"
"53750";"Пленка рулонная PKC, 500 мм, 4000 м, 20 мик, глянцевая (рул.)";4424,00;5204,64;" "
"52653";"Пленка рулонная PKC, 530 мм, 3000 м, 24 мик, глянцевая (рул.)";3973,48;5033,00;"Есть"
"52753";"Пленка рулонная PKC, 530 мм, 3000 м, 27 мик, матовая (рул.)";4447,52;5709,76;"Огран.кол-во"
"52655";"Пленка рулонная PKC, 550 мм, 3000 м, 24 мик, глянцевая (рул.)";4123,28;5222,84;"Есть"
"52755";"Пленка рулонная PKC, 550 мм, 3000 м, 27 мик, матовая (рул.)";4615,52;5925,08;"Есть"
"52657";"Пленка рулонная PKC, 570 мм, 3000 м, 24 мик, глянцевая (рул.)";4273,36;5412,96;" "
"52757";"Пленка рулонная PKC, 570 мм, 3000 м, 27 мик, матовая (рул.)";4783,24;6140,68;"Есть"
"52460";"Пленка рулонная PKC, 600 мм, 2000 м, 24 мик, глянцевая (рул.)";2998,80;3798,48;" "
"52660";"Пленка рулонная PKC, 600 мм, 3000 м, 24 мик, глянцевая (рул.)";4498,20;5697,72;"Есть"
"52760";"Пленка рулонная PKC, 600 мм, 3000 м, 27 мик, матовая (рул.)";5034,96;6463,80;"Есть"
"53760";"Пленка рулонная PKC, 600 мм, 4000 м, 20 мик, глянцевая (рул.)";5308,80;6245,68;"Есть"
"53860";"Пленка рулонная PKC, 600 мм, 4000 м, 21 мик, матовая (рул.)";6048,00;7115,36;"Есть"
"52562";"Пленка рулонная PKC, 620 мм, 2000 м, 27 мик, матовая (рул.)";3468,64;4452,84;" "
"52662";"Пленка рулонная PKC, 620 мм, 3000 м, 24 мик, глянцевая (рул.)";4648,28;5887,56;"Есть"
"52762";"Пленка рулонная PKC, 620 мм, 3000 м, 27 мик, матовая (рул.)";5202,68;6679,40;"Есть"
"53762";"Пленка рулонная PKC, 620 мм, 4000 м, 20 мик, глянцевая (рул.)";5485,76;6454,00;"Есть"
"53862";"Пленка рулонная PKC, 620 мм, 4000 м, 21 мик, матовая (рул.)";6249,60;7352,52;"Есть"
"52663";"Пленка рулонная PKC, 630 мм, 3000 м, 24 мик, глянцевая (рул.)";4723,04;5982,48;"Есть"
"52763";"Пленка рулонная PKC, 630 мм, 3000 м, 27 мик, матовая (рул.)";5286,68;6786,92;"Есть"
"53763";"Пленка рулонная PKC, 630 мм, 4000 м, 20 мик, глянцевая (рул.)";5574,24;6557,88;"Есть"
"53863";"Пленка рулонная PKC, 630 мм, 4000 м, 21 мик, матовая (рул.)";6350,40;7471,24;"Есть"
"52464";"Пленка рулонная PKC, 640 мм, 2000 м, 24 мик, глянцевая (рул.)";3198,72;4051,60;"Есть"
"52564";"Пленка рулонная PKC, 640 мм, 2000 м, 27 мик, матовая (рул.)";3580,36;4596,48;"Есть"
"52664";"Пленка рулонная PKC, 640 мм, 3000 м, 24 мик, глянцевая (рул.)";4798,08;6077,68;"Есть"
"52764";"Пленка рулонная PKC, 640 мм, 3000 м, 27 мик, матовая (рул.)";5370,68;6894,72;"Есть"
"53764";"Пленка рулонная PKC, 640 мм, 4000 м, 20 мик, глянцевая (рул.)";5662,72;6662,04;"Есть"
"53864";"Пленка рулонная PKC, 640 мм, 4000 м, 21 мик, матовая (рул.)";6451,20;7589,68;"Есть"
"52669";"Пленка рулонная PKC, 690 мм, 3000 м, 24 мик, глянцевая (рул.)";5173,00;6552,28;"Есть"
"52769";"Пленка рулонная PKC, 690 мм, 3000 м, 27 мик, матовая (рул.)";5790,12;7433,44;"Есть"
"53769";"Пленка рулонная PKC, 690 мм, 4000 м, 20 мик, глянцевая (рул.)";6105,12;7182,56;"Есть"
"53869";"Пленка рулонная PKC, 690 мм, 4000 м, 21 мик, матовая (рул.)";6955,20;8182,72;310 719
"52670";"Пленка рулонная PKC, 700 мм, 3000 м, 24 мик, глянцевая (рул.)";5248,04;6647,48;"Есть"
"52770";"Пленка рулонная PKC, 700 мм, 3000 м, 27 мик, матовая (рул.)";5874,12;7541,24;"Есть"
"53770";"Пленка рулонная PKC, 700 мм, 4000 м, 20 мик, глянцевая (рул.)";" ";" ";"Есть"
"53870";"Пленка рулонная PKC, 700 мм, 4000 м, 21 мик, матовая (рул.)";" ";" ";"Есть"
;"EKO";;;
"53530";"Пленка рулонная EKO, 305 мм, 3000 м, 24 мик, матовая (рул.)";2305,80;2562,00;"Есть"
"53431";"Пленка рулонная EKO, 310 мм, 3000 м, 24 мик, глянцевая (рул.)";2072,84;2317,56;"Есть"
"53432";"Пленка рулонная EKO, 320 мм, 3000 м, 24 мик, глянцевая (рул.)";2139,76;2392,32;"Есть"
"53532";"Пленка рулонная EKO, 320 мм, 3000 м, 24 мик, матовая (рул.)";2419,20;2688,00;"Есть"
"53433";"Пленка рулонная EKO, 330 мм, 3000 м, 24 мик, глянцевая (рул.)";2206,40;2467,08;"Есть"
"53533";"Пленка рулонная EKO, 330 мм, 3000 м, 24 мик, матовая (рул.)";2494,80;2772,00;"Есть"
"53535";"Пленка рулонная EKO, 350 мм, 3000 м, 24 мик, матовая (рул.)";2646,00;2940,00;"Огран.кол-во"
"53544";"Пленка рулонная EKO, 440 мм, 3000 м, 24 мик, матовая (рул.)";3326,40;3696,00;"Есть"
"53545";"Пленка рулонная EKO, 450 мм, 3000 м, 24 мик, матовая (рул.)";3402,00;3780,00;"Есть"
"53449";"Пленка рулонная EKO, 490 мм, 3000 м, 24 мик, глянцевая (рул.)";3276,28;3663,24;"Есть"
"53549";"Пленка рулонная EKO, 490 мм, 3000 м, 24 мик, матовая (рул.)";3704,40;4116,00;"Есть"
"53649";"Пленка рулонная EKO, 490 мм, 3000 м, 27 мик, матовая (рул.)";3704,40;4116,00;"Есть"
"53560";"Пленка рулонная EKO, 600 мм, 3000 м, 24 мик, матовая (рул.)";4536,00;5040,00;"Огран.кол-во"
"53562";"Пленка рулонная EKO, 620 мм, 3000 м, 24 мик, матовая (рул.)";4687,20;5208,00;"Есть"
"53564";"Пленка рулонная EKO, 640 мм, 3000 м, 24 мик, матовая (рул.)";4838,40;5376,00;"Есть"
"53470";"Пленка рулонная EKO, 700 мм, 3000 м, 24 мик, глянцевая (рул.)";4680,48;5233,20;"Есть"
;"GMP";;;
"52003";"Пленка рулонная GMP Silkfeel Q Standard 320мм 1000м, 28 мик (рул.)";5376,00;8064,00;"Есть"
"52004";"Пленка рулонная GMP Silkfeel Q Standard 330мм 1000м, 28 мик (рул.)";5544,00;8316,00;"Есть"
"52010";"Пленка рулонная GMP Silkfeel Q Standard 450мм 1000м, 28 мик (рул.)";7560,00;11340,00;"Есть"
"52012";"Пленка рулонная GMP Silkfeel Q Standard 490мм 1000м, 28 мик (рул.)";8232,00;12348,00;"Есть"
;"Фольга";;;
;"Фольга металлик";;;
"53191";"Фольга foilMARK металлик №01, яркое серебро (рул.)";84,00;84,00;"Есть"
"53101";"Фольга металлик №01, яркое серебро (рул.)";224,00;280,00;" "
"53106";"Фольга металлик №01, яркое серебро А4 (уп/100шт) (уп.)";268,80;280,00;"Есть"
"53103";"Фольга металлик №04, яркое золото А4 (уп/100шт) (уп.)";268,80;280,00;"Есть"
"53107";"Фольга металлик №07, синяя (рул.)";224,00;280,00;"Есть"
"53115";"Фольга металлик №15, красная (рул.)";224,00;280,00;"Огран.кол-во"
"53120";"Фольга металлик №20, зеленая (рул.)";224,00;280,00;"Огран.кол-во"
;"Фольга металлик GMP (Ю.Корея)";;;
"54005";"Фольга GMP 320 мм 100 м, зеленая (рул.)";819,00;1092,00;"Есть"
"54008";"Фольга GMP 320 мм 100 м, золото (рул.)";819,00;1092,00;"Есть"
"54004";"Фольга GMP 320 мм 100 м, красная (рул.)";819,00;1092,00;"Есть"
"54019";"Фольга GMP 320 мм 100 м, розовая (рул.)";819,00;1092,00;"Есть"
"54009";"Фольга GMP 320 мм 100 м, серебро (рул.)";819,00;1092,00;"Есть"
"54003";"Фольга GMP 320 мм 100 м, синяя (рул.)";819,00;1092,00;"Есть"
"54016";"Фольга GMP 320 мм 100 м, фиолетовая (рул.)";819,00;1092,00;"Есть"
"54002";"Фольга GMP 320 мм 100 м, черная (рул.)";1008,00;1260,00;"Есть"
;"Биговальное и фальцевальное оборудование";;;
"27008";"Биговальный станок DC-12B (шт.)";2866,64;4095,00;"Есть"
"27009";"Биговальный станок DC-16B (шт.)";3822,00;5460,00;310 819
"27006";"Биговальный станок DC-460 (шт.)";6720,00;8400,00;"Огран.кол-во"
"27005";"Биговальный станок HC-18 (шт.)";5219,20;6524,00;"Огран.кол-во"
"27021";"Биговальный станок NCC 330 (шт.)";201292,00;221200,00;" "
"27002";"Биговальный станок XDD-10 (шт.)";3036,32;4337,76;"Огран.кол-во"
"27003";"Устройство для cтрочной перфорации XDD-4 (шт.)";3036,32;4337,76;310 819
"27041";"Фальцевальный аппарат EP-42F (шт.)";32844,00;38640,00;310 819
"27042";"Фальцевальный аппарат EP-42S (шт.)";38080,00;44800,00;310 819
"27045";"Фальцевальный аппарат EP-45F (шт.)";63000,00;70000,00;"Огран.кол-во"
;"POS и выставочное оборудование";;;
"26031";"Аппарат для воздушно-пузырьковой пленки WIAIR3000 (шт.)";" ";" ";"Огран.кол-во"
"26110";"Баннерная стенка UT-LW-1 размером 3х3 секции, полукруг, POP-UP (шт.)";5516,00;5768,00;"Огран.кол-во"
"26111";"Баннерная стенка UT-LW-1 размером 3х3 секции, прямая, POP-UP (шт.)";5656,00;5936,00;"Есть"
"26101";"Держатель баннера XY2-D типа ""паук"" 600х1600 (мет.крепление) (шт.)";210,00;221,20;" "
"26102";"Держатель баннера XY2-F2 типа ""паук"" 600x1600 (пласт.крепление) (шт.)";318,64;455,00;"Есть"
"26108";"Держатель баннера XY8-L типа ""ресепшн"" 300х1000х800 (шт.)";2744,00;2744,00;" "
"26107";"Держатель баннера XY8-S типа ""ресепшн"" 350x800x2000 (шт.)";1652,00;1736,00;"Есть"
"26035";"Пленка 200мм*100мм*300м (шт.)";" ";" ";"Есть"
"26037";"Пленка 400мм*245мм*300м (шт.)";" ";" ";"Огран.кол-во"
;"Кольца и болты для переплета";;;
"32042";"Болт переплетный, золото, 10 мм (уп.)";114,52;176,12;310 819
"32052";"Болт переплетный, золото, 20 мм (уп.)";141,68;218,12;"Есть"
"32072";"Болт переплетный, золото, 40 мм (уп.)";205,24;315,56;"Есть"
"32022";"Болт переплетный, золото, 5.5 мм (уп.)";103,60;159,32;"Есть"
"32082";"Болт переплетный, золото, 50 мм (уп.)";245,28;377,16;310 819
"32092";"Болт переплетный, золото, 60 мм (уп.)";281,40;432,88;"Есть"
"32041";"Болт переплетный, серебро, 10 мм (уп.)";114,52;176,12;"Огран.кол-во"
"32051";"Болт переплетный, серебро, 20 мм (уп.)";141,68;218,12;310 819
"32071";"Болт переплетный, серебро, 40 мм (уп.)";205,24;315,56;310 819
"32021";"Болт переплетный, серебро, 5.5 мм (уп.)";103,60;159,32;"Огран.кол-во"
"32081";"Болт переплетный, серебро, 50 мм (уп.)";245,28;377,16;310 819
"32091";"Болт переплетный, серебро, 60 мм (уп.)";281,40;432,88;"Есть"
"32001";"Кольцо металлическое для переплета 14,28 мм (9/16"") (100 шт.) (уп.)";187,60;288,40;310 819
"32011";"Кольцо металлическое для переплета 14,28 мм (9/16"") (100 шт.), золото (уп.)";187,60;288,40;"Есть"
"32002";"Кольцо металлическое для переплета 19,05 мм (3/4"") (100 шт.) (уп.)";189,84;292,04;310 819
"32012";"Кольцо металлическое для переплета 19,05 мм (3/4"") (100 шт.), золото (уп.)";189,84;292,04;"Есть"
"32003";"Кольцо металлическое для переплета 25,4 мм (1"") (100 шт.) (уп.)";221,76;341,32;"Есть"
"32013";"Кольцо металлическое для переплета 25,4 мм (1"") (100 шт.), золото (уп.)";221,76;341,32;"Есть"
"32004";"Кольцо металлическое для переплета 31,75 мм (1 1/4"") (100 шт.) (уп.)";237,16;364,84;310 819
"32014";"Кольцо металлическое для переплета 31,75 мм (1 1/4"") (100 шт.), золото (уп.)";237,16;364,84;"Есть"
"32005";"Кольцо металлическое для переплета 38,1 мм (1 1/2"") (100 шт.) (уп.)";258,72;397,88;"Есть"
"32015";"Кольцо металлическое для переплета 38,1 мм (1 1/2"") (100 шт.), золото (уп.)";258,72;397,88;"Есть"
"32006";"Кольцо металлическое для переплета 50,8 мм (2"") (50 шт.) (уп.)";172,48;265,16;"Есть"
"32016";"Кольцо металлическое для переплета 50,8 мм (2"") (50 шт.), золото (уп.)";163,80;252,00;"Есть"
"32007";"Кольцо металлическое для переплета 60,33 мм (2 3/8"") (25 шт.) (уп.)";127,12;195,72;"Есть"
"32017";"Кольцо металлическое для переплета 60,33 мм (2 3/8"") (25 шт.), золото (уп.)";102,48;157,64;"Есть"
"32008";"Кольцо металлическое для переплета 76,2 мм (3"") (10 шт.) (уп.)";82,04;126,00;"Есть"
"32018";"Кольцо металлическое для переплета 76,2 мм (3"") (10 шт.), золото (уп.)";71,12;109,20;" "
;"Нумераторы";;;
"14006";"Нумератор KW-triO 20600, 6 цифр (шт.)";758,52;1083,60;120 819
"14007";"Нумератор KW-triO 20700, 7 цифр (шт.)";793,80;1134,00;120 819
"14008";"Нумератор KW-triO 20800, 8 цифр (шт.)";1040,76;1486,80;120 819
"14061";"Подушка чернильная KW-triO для нумераторов 20600, 20700, 20800, набор 3 штуки (уп.)";82,32;126,56;"Есть"
"14051";"Чернила KW-triO для нумераторов, 20 мл, красные (шт.)";56,00;93,24;120 819
"14050";"Чернила KW-triO для нумераторов, 20 мл, черные (шт.)";56,00;93,24;"Есть"
